Cluster 0, Anotate Here,25000,9126,accountingsoftware,actormodel,advancementofscience,aeronet,agileviews,americanassociationfortheadvancementofscience,amplicon,arkspanishinceptionchinese,auditguard,bambi,bassett,bassettcollection,bencollaborative,bigoc,breiman-meisel,cagayan,cagayandeoro,carverlee,ciscotelepresence,clea,coagmento,comclus,contente,datajoiner,digitalheritage,digitaltalkingbooks,digitaltalkingbooksbuilder,ditabbu,dlimproving,drewconway,entityproperties,esf,evl,evlinductionclass,financeanswer,flowdock,geneunion,graceland,groupimmunization,halo2,heritagearchivingmediator,hima,horoscopeanswer,huyck,hypermediaworkstation,hytime,ieeecs,inferentialfetch,jittac,keywordsofarticles,knowledgemaintenance,labeltransla,macocha,manipulagon,mt-pfn,muhi-mediadocumems,mylopoulous,oocase,opticaldepth,pb-pfn,pictune,prisexb,prisexr,prisexrm,profilo,pulpfiction,purcell,pyrosequencing,relationalprofile,saaf,scheaa,searchme,senko,sensorycue,sgps,sharing,sign-ers,softwareprocess,solarmap,southsudan,svn,tainan,targe,telepresence,temporaltransitpatternmining,textmachine,thegodfather,tilepic,tizen,tobii,tutorialabstracttraditional,unicase,universitydigitallibraries,vanhuyck,varia,viewzi,wapmead,wiss-ki,xplore,yhe,jdime,ssmerge,maxvol,hadr,icbsa,separationlogic,egyed,sabetzadeh,apiusagepatternmining,ajaxapi,gdh,btw,ncsu,,,,,,,,,,,,,,,,,,,,,,,,,,,,,,,,,,,,,,,,,,,,,,,,,,,,,,,,,,,,,,,,,,,,,,,,,,,,,,,,,,,,,,,,,,,,,,,,,,,,,,,,,,,,,,,,,,,,,,,,,,,,,,,,,,,,,,,,,,,,,,,,,,,,,,,,,,,,,,,,,,,,,,,,,,,,,,,,,,,,,,,,,,,,,,,,,,,,,,,,,,,,,,,,,,,,,,,,,,,,,,,,,,,,,,,,,,,,,,,,,,,,,,,,,,,
Cluster 1, Anotate Here, 10average,abounadi,actionselection,artdp,artdpofbarto,averagersofgordon,baird,barles,barto,bellmanequation,bersini,bradtke,cclink,connell,coquelin,deepsea,differencequotient,doya,dpeq,dupuis,dyna,dynamicprogrammingr,dϕ,elementalsdts,estimationtheory,functionapproximation,gcb,glie,glorennec,gordan,gorrini,griebel,gullapalli,harmon,hjb,hjbeq,incrementalarl,intelligentcontrol,jalali,jonker,jouffe,kaelbling,konda,laccum,learning,lipschitzian,littman,mahadevan,markovdecisionprocess,matsuno,maximumprinciple,mdp,mdpms,mdps,modulusofcontinuity,momcts,momcts-dom,momcts-hv,momctsdom,moql,munos,munostherefore,niranjan,nouri,optimalcontrol,ormoneit,pareigis,perthame,pontryagin,puterman,qubed,reinforcementlearning,resourcegathering,rishel,rlipschitzian,round-robintournament,sarsa,seatreasure,singh,smaximumprinciple,souganidis,splinesof,structuraldynamics,sutton,tesauro,thales,tsitsiklis,uniformcontinuity,unser,upperconfidencetree,uvf,valuesof,valuesofthe,vamplew,vanroy,vectors,viscositysolution,watkins,weakformulation,ws-bpel,yoshimoto,klopf,kushner,akian,runge-kuta,soner,stdevinf,vfofthe,classicalcontroltheory,hafner,kretchmar,magneticlevitation,minashima,nfq,nfqca,robustcontrol,bar-shalom,sunon,colombetti,eucledian,glynn,landelius,competitiveequilibrium,marketclearing,negishi,rtdp,boyan,atkeson,dazeley,issabekov,kalyanakrishnan,motorprimitives,multiobjectivereinforcementlearningalgorithms,technicalprocesscontrol,millán,bertsekas,smdp,coraluppi,elton,exponentialutility,heger,morgenstern,pomdps,fp-auc,quizz,ta-fq,ta-inf,rummery,processvariable,shimkin,mihatsch,smdps,szepesvári,varaiya,bucklew,empiricalmse,estimatedvalues,msecalculations,one-stepoptimalschedulefor,tdalgorithms,wasow,υr,ucrl,pjt,rprop,robotlearning,subsumptionarchitecture,morl,expectedreturn,bomberger,gallager,jt,maxreach,nrui,sirp,tassiulas,keepaway,invertedpendulum,realrobot,mdpm,function,lagoudakis,alecsys,autonomouse,experimenta,reward-theresult,ence,animat,gábor,henig,kalmár,löincz,rtql,tóth,ahcon,frameworkahcom,frameworksahcon,frameworksahcon-tandqcon,qcon-rpl,qcon,adaptivecontrol,iedp,unitoperation,bandla,belobaba,emsr,expectedmarginalseatrevenue,gosavi,kelton,lautenbacher,relaxed-smart,ryzin,stidham,subramaniam,transferoflearning,arcilla,geometricabstraction,hoppe,jwc,robotmotionplanning,temporaldifferencelearning,automaticcontroltheory,coboltransformer,softwaretestprocess,chess-ml,marte,iql,takeda,actor-critic,itpm,santamaría,,,,,,,,,,,,,,,,,,,,,,,,,,,,,,,,,,,,,,,,,,,,,,,,,,,,,,,,,,,,,,,,,,,,,,,,,,,,,,,,,,,,,,,,,,,,,,,,,,,,,,,,,,,,,,,,,,,,,,,,,,,,,,,,,,,,,,,
Cluster 2, Anotate Here,1981,active-views,activeview,advancedoptimizationtechniquesin,albano,americanrevolution,atti,bionmap,blockx,blu-ray,btell,cdbms,cdbmss,chref,contractbot,crea,databasedesigngroup,datamerge,datamergeprograms,datamodel,dcfor,diagram,dif-to,dpla,drer,dynamicrelationshiperdatamodelforrfid,dynamicrelationshipermodel,efdm,efo,enql,fdbms,france-armeniandata,fromemployeet-where,functionaldependencycheckalgorithmbtell,genericdatamodel,gne,grantselect,grantselecton,hddbs,hddbss,hi93a,histo,hospl,ibs,ichoubgi,ient,iidqg,ionpat,isdepartment,jointinstituteforknowledgediscovery,kandk,klksl,knowledgenavigator,kulkami,ldbss,manola,migrat,mnsfonatiow,mslfor,mulan,multimediainformationmanager,nai,nhse,nliapproachas,notation3,objectexchange,objectexchangemodel,ories,proceedingsofthetenthinternational,protocoldb,ps-algol,purna,qsiformal,rcds,rigtechnicalcommittee,rni,rnl,scientificdatamanagement,sciport,sciportservers,semanticsensorweb,sensorweb,seurchguth,siemensrfidmiddleware,silkroad,sinre,specialite,subline,sugihara,systemπ,tausworthe,theii,tionof,transitivereductionare,tsof,unfort,uod,urna,vlvv,williamshakespeare,,,,,,,,,,,,,,,,,,,,,,,,,,,,,,,,,,,,,,,,,,,,,,,,,,,,,,,,,,,,,,,,,,,,,,,,,,,,,,,,,,,,,,,,,,,,,,,,,,,,,,,,,,,,,,,,,,,,,,,,,,,,,,,,,,,,,,,,,,,,,,,,,,,,,,,,,,,,,,,,,,,,,,,,,,,,,,,,,,,,,,,,,,,,,,,,,,,,,,,,,,,,,,,,,,,,,,,,,,,,,,,,,,,,,,,,,,,,,,,,,,,,,,,,,,,,,,,,,,,,,,,,,,
Cluster 3, Anotate Here, agreerank,agreerankwww,apl,barabási,boxscore,ciênciabrasil,cloudserviceengineering,crowdnetgen,crowdsimulation,crowdstering,cyworld,dedi,degreemodel,dfw,diesner,dynamicalsystemstheory,dynamicsocialrecommendation,experimen,extremalgraphtheory,forestfiremodel,geocascade,geodiversity,geographicsocialnetwork,geosocial,gmic,graphentropy,grier,grouppolicy,groupsocialcapital,guiofgaruda,hermitian,httpurls,identitytheft,imsystems,iolaus,karamshuk,kmetis,legallearning,linuxdebian,lmic,lü,magazinesportsillustrated,marke,markines,markw,mediateam,meinvz,milojević,mixi,nbanetwork,networklinkage,new-man,pamscs,papagelis,pgem,pitts-burgh,pmetis,qmic,rgmic,rlmic,rqmic,sador,secondlife,semanticsocialnetworkin,serviceengineering,sidorenko,smirnov,socialattention,socialentropy,socialexperiment,socialflocks,socialfriendprobabilisticmatrixfactorization,socialhoney-potproject,socialhoneypotproject,socialmarketing,socialnetwork,socialpolarization,sociocrowd,sophos,ssnetviz,stanleymilgram,studivzcaptchas,sudivz,sumup,svns,sybils,tcha,tchas,tgroup1,torvik,twitteranalysisin,twittercrawling,uqdt,usenets,vanderleij,vespignani,weeber,xqft,xtreenet,θmin,πy,activitystream,aronow,decayfactor,manski,networkexposure,probabili,restricted-growthgraphs,rt-trends,samii,streamz,timespan,universea,universeb,laft-explorer,laft-rw,spillovereffect,rpg,osn,culturalartifact,networkcommunity,watts-strogatz,eaims,flashflood,lumi,,,,,,,,,,,,,,,,,,,,,,,,,,,,,,,,,,,,,,,,,,,,,,,,,,,,,,,,,,,,,,,,,,,,,,,,,,,,,,,,,,,,,,,,,,,,,,,,,,,,,,,,,,,,,,,,,,,,,,,,,,,,,,,,,,,,,,,,,,,,,,,,,,,,,,,,,,,,,,,,,,,,,,,,,,,,,,,,,,,,,,,,,,,,,,,,,,,,,,,,,,,,,,,,,,,,,,,,,,,,,,,,,,,,,,,,,,,,,,,,,
Cluster 4, Anotate Here, aatterm,abstractask,abstractselectqueryservice,accesses,acmeinfoitems,asfapersian,bio2rdfr2,bridgeexpansionrule,bwelabs,commonlogic,connections,corescientificmetadatamodel,crmcore,csmo,cysticfibrosis,dataresources,directguidance,drago,drps,dtab,dwr,esaw,facetgraphs,fahrrad,fingal,fingalcatalogue,finnonto,flor,flp-reductof,fredsmith,gateannie,gelfond,globaltag,googlegadgets,googlegadgetsapi,googlerefine,googlesocialapi,graphviews,hbφ,hex-programs,integratedontology,internationalsemanticwebconference,irw,isresolutionof,jaffri,kbi,ldaas,lifschitz,linkeddatafragments,linkedgeonames,linkedusdl,linkhiding,millard,muth,nepomuk,netvibesuwa,npnexp,onestopgov,onkijavaapi,ontoframes3,ontolingua,ontologypropagationorder,owl-seditor,probabilisticmodeling,prode,prodemoki,psp,publicserviceontology,rdfextension,rdfgateway,rdfsemantics,redirects,redirectsto,resolvesto,restdesc,restservicemodel,rfc7234,rosati,sakeeu,scientificmetadatamodel,sdmx,semanticpublicserviceportal,semanticweb,semanticweburis,servicefinder,sparqlbye,sparqles,stuba,successor,symbolgrounding,tagspaces,tpf,tpfapi,triplepatternfragments,uniquenameassumption,universalstandardproducts,usdl,vazifedoost,webonto,wsmt,baida,calculus,charginginfoanalogous,congobuy,coreontologyofservices,groupofthew3c,scistaff,webservice,wsmo,kwql,semanticwebservice,obii,papavassiliou,prompdiff,wieringa,bandwidthchecker,imagetranscodingmaster,imagetranscodingslave,webpads,evn,anq,anqs,rdfanalyticalschemas,floyd-hoare,semanticmatchmaker,qosmetrics,imageinformationmining,scientificdatabases,teleios,teleiosvirtualearthobservatory,prosumer,kaye,krafzig,orten,restfulhttp,weick,serviceisalive,antagt,polyhedralcompilationfoundations,sccomp,semanticp2pservicecompositionplanning,spsc,imsld,imsld-compliant,lpmo,semanticwebservicelayer,servicelayer,nmea,streamspin,southcomb,mindswapapi,mindswapowl-sapi,partial-orderplanning,integrateddevelopmentenvironmentforsemanticwebservices,gossple,sesa,w3csawsdl,amitsheth,semanticservicestack,wsmo-lite,intelligentobjects,rdfmt,wsmostudio,hptimevaultservice,qribe,loadmanager,ubrs,uddiapis,wsrb,lexicalvariantgeneration,lvg,utsweb,trust-serv,kanodia,opengridservicesarchitecture,textmode,wsmx,rc2,scens,acide,itaca,contextserv,dg,dw,allenalgebra,wsml,enterpriseservice,enterpriseservices,interfacepatternrequestconf,apachecrimson,datareach,exception-flow,fsrc,handler-inspection,handlerinspection,readfile,socketinputstream,tomcatfacade,enterpriseservicebus,sascha,softwarepipeline,linguisticdescription,appob,bpelfor,swe-et,wsmoformodelingofservicesand,wsmoweb,servicediscovery,kittenmark,local,jsat,apachejetspeed,apachejetspeedportlets,computersciencedepartmentoftheuniversityofcrete,jetspeed,onlinecurriculumportals,portalfor,uoconlinecurriculumportal,hornontologies,constructordoc,corereflectionapi,doclet,docletapi,fielddoc,memberdoc,methoddoc,ooapi,asms,petrinet-based,wsmochoreography,optimax,webcontentquery,disjointwith,equivalentclass,owlcandidaterecommendation,owlp,owlsyntax,owlsyntaxchecker,unionof,wonderweb,swschallenge,jeffrothenberg,imports,data-govcorpus,asdl,axiomaticsystem,ebuyer,servicebehaviour,pml,stollberg,contractresult,legalxml,sclp,sclpruleml,sweetdeal,jainsip,sewnet,telecomservicereference,triana,deepfor,wcdl,javapath,ns2,peercontrollerpattern,2clearly,aimandstructureofthebriefingour,alchoq,asmuth,cadb,clps,clpφ,conlan,contentcvs,diari,dlog,dlpp,dlrules,dlsroiqv,eclp,eclps,f_1-score,falosy,forr,glock,hauff,hsisl,intelligenceartificial,ipe,knowledgebase,mindtagger,nationalcancerinstitutethesaurus,ncit,owlfa-class,phenarele,prcess,proustinaction,psnc,pudsy,qfg92b,qfg92c,rboxes,ripple-downrules,roussel,saferules,semmodel,softwareee,sroelvn,supportgroup,synat,tr92j,cesofthe,eight-puzzle,genesereth,modifying,oflazer,wmes,altlabel,compoundconcept,hyvönen,ipsv,preferredcombination,qualifier,skosrdf,thirdstream,vanassem,w3cssemanticwebbestpracticesworkinggroup,abelson,alterman,dmap,orangejuice,zeigarnik,althcugh,kbse,lowlevel,lowlevelfunc,thu,webstandards,2before,cat1,cat2,cat3,logbbs,logwww,probabilityandstatistics,stefik,rules,timberners-lee,uriofthewebservice,abstractstatemachines,harandi,hickman,miriyala,popart,stickel,xana,dfac,prooftheory,webml,restfulweb,owl,corbacosrelationship,corbarelationship,omgpdm,relationshipfactory,rolefactory,stepexpress
Cluster 5, Anotate Here, adppass,algorithmmcrgen,algorithmmcrgenschema,algorithmuseemb,alternatingpolynomial,among,anyset,anysetisamode,applyinglemma,basicchannel,bdk,bskytrees,burstein,celltiling,cgsearch,cgsearchf,cgsearchn,cgsearchp,chaseς,chor,compressed-splitmerge,conceptualcombination,deducingspatialrelation,detailedalgorithm,domtiling,equi-depthsimple,equi-depthsplitmerge,experimentalsettings,extendleft,faultdetectionandisolation,filtergraph,fisher-galler,fixed-histogram,gabortransform,gmrs,go-keypress,groundentailmentalgorithmtheoremcorrectness,iasfor,iasi,iasof,in01,inol,inolep,kofaxioms,kofkeys,kosky,levelsched,lias,mapab,matchfix,mcrgen,mcrof,mcrofq,nrdl,nrdlq,nrx,numsucc,ofunct,olias,one-passsingle,opsched,osnomed,osps,perfectpower,periodic-sample,prej,pressclr,pressclrforward,procedureinputs,pspace-transducer,qans,qavforxp,qskycube,radixadpgiven,sample-compute,sdgforl,sdgg,sdls,skycubecompu,skytreewe,splitmerge,sskytree,succn,tiledaboverowi,tiledby,time-sharing,tpqq,treebound,treesched,tsresource,tud,txyz,unf,usealgorithmuseemb,vc-dimensionoff,vldbconferencesantiago,vmethod,vold-kalman,we,welch,withlemma,construct-circuit,distinguishingpathsalgorithm,niedermeier,pathsalgorithm,shortcutsalgorithm,karlin,kkmstheorem,rinott,vonmises,chordalysis-mml,shortnessofbreath,,,,,,,,,,,,,,,,,,,,,,,,,,,,,,,,,,,,,,,,,,,,,,,,,,,,,,,,,,,,,,,,,,,,,,,,,,,,,,,,,,,,,,,,,,,,,,,,,,,,,,,,,,,,,,,,,,,,,,,,,,,,,,,,,,,,,,,,,,,,,,,,,,,,,,,,,,,,,,,,,,,,,,,,,,,,,,,,,,,,,,,,,,,,,,,,,,,,,,,,,,,,,,,,,,,,,,,,,,,,,,,,,,,,,,,,,,,,,,,,,,,,,,,,,,,,,,
Cluster 6, Anotate Here,91,adajointprogramofficeoftheibmviennagroup,apop,appliedelectronics,ariewkvl,ariewlhs,automatecustomersatisfaction,berghout,bibliophilia,borlandtogether,centerforcommunitysecurity,cics,clprograms,comnlt-rs,comntt-lsnthenset,comparisonofmemoryorganizations,conpilingalgorithm,contingencytheory,culturalcapital,danishresearchcentre,danskdatamatikcenter,ddcada,ddcadacc,diskpdbs,estonian,felix,ffti,fhut,fi-backtrack,fi-diffsetcombine,firstgenmax,gecsei,graphagent,guertin,haifaresearchlab,hutmfi,ibm,ibm3270,ibmaglet,ibmalmadenwhile,ibmcics,ibmglobaltechnicalsalessupport,ibmgpfs,ibmlaboratory,ibmrationalerose,ibmrsa,ibmsystemsjournal,ibmtechnology,kurdish,kurds,lastlsn,latvia,lmfibacktrack,lmfil,mafiapp,mattson,maximalset,mcm,mdhf,moha93a,mohasob,multi-dimensionaldatabaseallocation,multipledocumentinterface,numberil,nvidiak20x,oodbtoolkit,organizingcomputer,paradis,paradisalgorithm,paradispermute,paradisrepair,passcondition,phpi,projecth,quick-combine,radix-se,reachout,recfigure,regressionerrorcharacteristic,rtmonitor,simpleobjectdecl,socialcommunicationnetwork,soligen,spcpermission,supersetcheckingtechniques,theback,thomasj,top-downparsing,transinv,turbopascal,undo-passcon,uol,vdmcannot,vdmwas,vmsn,walston,watfiv,watsonresearchcenter,wiberg,xrf,ibmsource-channel,ibmsanjoseresearchlab,combinatorialtestdesign,yu85b,mohasoa,360,ibmresearch,ibmclio,stylusstudio,analyzer,algorithmsc,algorithmssa,dapfor,documentterm,fritsche,hardwarerestriction,icldistributedarrayprocessor,idowhilej,pogue,pxqmax,vaswani,vorhees,giftededucation,ibmresearchreport,nb-score,precision_by_effort,ieeewithin,slpminer,lufthansa,acgm,chemicalbond,comparisonofparallelalgorithms,sooofigure,sprintl,jps,,,,,,,,,,,,,,,,,,,,,,,,,,,,,,,,,,,,,,,,,,,,,,,,,,,,,,,,,,,,,,,,,,,,,,,,,,,,,,,,,,,,,,,,,,,,,,,,,,,,,,,,,,,,,,,,,,,,,,,,,,,,,,,,,,,,,,,,,,,,,,,,,,,,,,,,,,,,,,,,,,,,,,,,,,,,,,,,,,,,,,,,,,,,,,,,,,,,,,,,,,,,,,,,,,,,,,,,,,,,,,,,,,,,,,,
Cluster 7, Anotate Here, actionsemantics,adlunicon,airbornecollisionavoidancesystem,anonymousblog,beginsakaya,boeing777,boeingcommercialairplanegroup,braa,brooklynpubliclibrary,bubble,chinain,christensen-dalsgaard,citisense,citisensecrm,citizenjournalism,classifierrole,concreteobserver,concurrentengineering,constellationprogram,conway,cscis,cserp,ctural,davidharel,dpml,edmund,ejp,ejps,ethan,externalinputfile,fedoraproject,fewesthop,firstcasestudyin,firsti,fixed-stretch,floodwarning,fpa-type,freedomofinformation,galal,gofvisitor,gridstix,hitachisystems,icdl,ieeecomputer,ifpug,iid,instasearch,internationalfunctionpointusersgroup,ipost,jaccheri,magazinediscussions,markii,megiddocollection,mh-jk,multi-dimensionbrowsingcomponent,musicaustralia,nasajplground-basedflightsystem,nasasr,ncrunch,networkclickstreamdatafor,oopsla,orphanworks,p5-im,p6-vnc,paye,plenti,processriskmeasurement,reenskaug,regis,rendezvous,requirementsstatemachinelanguage,residualrisk,roadahead,roleparticipation,rsma,runner,sakaya,sisos,sociologicaltheory,softserve,softwareconfigurationitems,souko,spinellis,ssyn,statelibraryofqueensland,strategy,superstate,sworld,symonsmarkii,taproducts,tib,tprm,trpm,vidgen,vnc,vocento,voiceoverip,ycof,yoto,østerlie,casestudy,f2f,atternmining,cellest,interaction,interaction-patternminer,ipm2,locis,teiresias,nonprofitorganization,urmap,gnep,projx,saass,timemanagement,fastdormancy,intentionalnetworking,radioresourcecontrol,rrc,timealignment,trafficshaping,tainui,crutchfield,cssr,principalcomponentregression,ulss,ulsss,logicdis,softwareattributeanalysismethod,austriannationallibrary,departmentofsoftwaretechnology,nationallibraryofnorway,portugueselanguage,tomba,universityofvienna,urlhistory,medianselection,bim-sv,bpm-sv,corebusiness,oows,vipbusinessmodelingframework,wied,conflictanalysis,aktro,grüningerfor,sign,,,,,,,,,,,,,,,,,,,,,,,,,,,,,,,,,,,,,,,,,,,,,,,,,,,,,,,,,,,,,,,,,,,,,,,,,,,,,,,,,,,,,,,,,,,,,,,,,,,,,,,,,,,,,,,,,,,,,,,,,,,,,,,,,,,,,,,,,,,,,,,,,,,,,,,,,,,,,,,,,,,,,,,,,,,,,,,,,,,,,,,,,,,,,,,,,,,,,,,,,,,,,,,,,,,,,,,,,,,
Cluster 8, Anotate Here, 3there,accura,aceticacid,americanlibraryassociation,answertreekernel,args,av88a,av88b,avera,bankofamerica,binar,bofa,cerif,coid,credit,cubeforrdws,cuthill,cw-pram,cxi,cyclobutane,databasesour,dbminalgorithm,dd,debit,derivedclasses,dgdl,dglp,disksystem,dyo,dyop,eattlv,feedex,fixclusters,flet,fra,gaa,gardarin,grac,hafez,hafeza,hardwaremodificationmachine,hash,hoteffectofloadcontrolas,iaca,ihcmru,iios,infegrity_af_lk,infix-aggregation,iocost,iossof,iypes,kad,keyterm,klir,maiers,manthey,mapbase,mathematical,mckee,mdws,melvyl-database,miuva,mosi-rcccnily,ndardsel4vity,ngeof,nlonolit,nonbibliographic,nonmonotonictypedmultilevellogic,oniy,onoftmnsaction,predkatlve,prefix-aggregation,qlsm,quimr,rcilcr,rdbivms,rdw,rdws,scvcrr,seaview,sequentialanonymization,singqmn,sldnfresolutioncan,soper,spalka,subject-keyterms,subsecgon,subsequentiy,tds4sa,teradatardbms,teradatatmrelationaldatabasemanagementsystem,textgen,themethod,then3fore,thuraisingham,tlz,topor,tree1,treei,txt-long,tyt,universityofporto,vms,xsb,xye,transitionlog,wfgo,intervalquality,ncsl,relationaldatabase,polyinstantiation,bezem,eshghi,jih,iro,iro-dbespristproject,amtramwe,,,,,,,,,,,,,,,,,,,,,,,,,,,,,,,,,,,,,,,,,,,,,,,,,,,,,,,,,,,,,,,,,,,,,,,,,,,,,,,,,,,,,,,,,,,,,,,,,,,,,,,,,,,,,,,,,,,,,,,,,,,,,,,,,,,,,,,,,,,,,,,,,,,,,,,,,,,,,,,,,,,,,,,,,,,,,,,,,,,,,,,,,,,,,,,,,,,,,,,,,,,,,,,,,,,,,,,,,,,,,,,,,,,,,,,,,,,,,,,,,,,,,,,,,
Cluster 9, Anotate Here, afolktale,arte,associationofresearchlibraries,bluntinstrument,boardman,bookerwinner,capm,carare,casewesternreserveuniversity,cdsk,cdsk-suggester,contingentvaluation,critspace,darwincore,dennison,desktopdigitallibrary,diamondsutra,digiqual,digitalideakeeper,digitallibraryforearthsystemseducation,digitallibrarylinkservice,digitallibraryofchantmanuscriptimages,digitallibrarysystem,digitalreference,digitalwatereducationlibrary,dner,domdl,drupalcms,dspacesimplearchiveformat,egenhofer,eternityservice,europeandigitallibrary,face-to,faceinteraction,fgdccontentstandardfordigitalgeospatialmetadata,fogg,frankchurch,freehaven,freenet,greenstonedigitallibrary,gsdl,hamiltongardens,highlakesinventory,highperformancecomputingvirtualconsultant,historyoftechnology,ideakeeper,iitml,ilumina,instituteforlibraryandinformationstudies,internationalchildren,iscape,italiannationalcouncilofresearch,javaswingjcomponent,jung-ranpark,keplerarchivelet,keplercommunaldigitallibraryframework,learningmanagementsystem,libqual,library2,libraryandinformationsciencedepartment,lindahalllibrary,lomlearningresourcetype,machine-readabledigitallibrary,materialculture,maull,mhtml,mhtmlgateway,miitml,mootcourt,nationalbibliography,nationalcenterforbiotechnologyinformation,ncore,oeb,olac,olivesoftware,openvideo,oraltradition,physdis,pionier,readup,researchpyramid,resource-basedlearning,rslp,rsvp,scholnet,sibgrapidigitallibrary,sk-suggester,slidl,spatialhypertextin,tcat-gi,technicalreportinterchange,tip,tmsdl,topofusion,tsunamidigitallibrary,tucsonmountainpark,ucol,uplib,vecnet,webcast,wildernessarea,greenstonedocument,sketchtrieve,nsdlstrandmapservice,humansanctuary,metadatacollector,publicgood,tubekit,vignettecorporation,differen,nof-digi,nof-tas,qafocus,globaldigitallibrary,internationaldigitallibraryproject,nationalendowment,nationalendowmentforthehumanities,digitalatheneum,abbayedesaint-maurice,brownuniversityshapelaboratory,nauticalarchaeologydigitallibrary,perrow,arche,sparcstation10,fieldtrip,informallearning,vesel,objectstorepse,kalnis,monic,millionbookproject,nimrin,umayri,imageviewer,worlddigitallibrary,exwrap,unicats,majar,culturalstudies,galleryskin,infocanvas,infogalleries,infogallery,itdesign,larue,multilighttracker,soundeffect,dilight,organizationalcommunication,alexandriadigitalearthprototype,overheadprojector,scape,scapes,secondscreen,uclai-scape,blox,archivalbond,nestedsetscollection,digitalearth,hampapur,videoeditor,digitallibrarymanagementsystem,paperprototyping,spotfire,mapservice,appliedlinguistics,graduateinstituteofappliedlinguistics,guidebook,electronicprogramguide,free-to,dumbarchive,dumbarchivemethoddescription,nasadls,kontron,nationalsciencefoundationdigitallibraryinitiativephasetwo,nsfdli,oreuserguide,emlirfid,libnfc,radiofrequency,rfidplug,lexiurl,centerlinkagestructure,ohswg,spatialhypermedia,digitallibrary,attributematchingcompleteness,hypernymy,hyponymy,greenstonedl,objectdesign,academiclibrary,compositing,digitaldistribution,playstation,playstationnetwork,greenstone,chinese,middleages,portuguese,vietnamese,dlof,opencontent,anagnostis,cornell-michigan,oldgreek,opencontentalliance,informediaproject,kahn,present,urlofthertp-socket,wilensky-repositories,associationofcomputingmachinery,barkhuus,digitalobjectidentifier,interactivetechniques,sigchi,siggraph,sygar,yumamediaannotationframework,yumauniversalmediaannotator,networkeddigitallibraryofthesesanddissertations,informationprofessional,canvaselement,webtwig,attitudechange,nationalsciencedigitallibrary,cloudcap,bursaoffabricius,geneexpressionregulation,myc,oligonucleotide,subtreeheight,opendlib,grabtax,psupermission,emli,stemrobotics,georeferenceable,geovsm,dlese,nsdl,aladindigitallibrary,coul,feg,felixe,grant,institutionalanalysis,acmccs,quixote,americancivilwar,britishdirectoryofnationalbiography,tuftsuniversity,digitallibraryofthesesanddissertations,dld,technologyinteractivedigitaleducationallibrary,metadataharvesting,instructionalarchitect,environmentalstudies,academiasinica,scriptasinica,governmentofcanadacoresubjectthesaurus,shiri,consumerhealth,videoandlanguage,signlanguage,sladl,multibeebrowse,tagstreemaps,userinterfacesatisfaction,picturebook,zumobi,webbook,runlengthsmoothingalgorithm,martzoukou,thedesignofeverydaythings,virtualteam,,,,,,,,,,,,,,,,,,,,,,,,,,,,,,,,,,,,,,,,,,,,,,,,,,,,,,,,,,,,,,,,,,,,,,,,,,,,,,,,,,,,,,,,,
Cluster 10, Anotate Here, amirchahy,appleii,avltreeh,babich,bakkiio,bayerfor,bigclone,bigclonebench,brancizregion,bufferr,ccfinderx,changeall,changeboss,clonebench,closed,codeskeletongeneration,coinstechnicalreport,comparable,compareto,contactinfo,coroutinesfigures,cvg,cvg-done,cvg-tmp,dapse,dataread,dbap,dbaps,defaultgraph,descriptors,entitystate,esqut,exponentialbackoff,extendedstaticchecking,floppydisk,getcontactinfo,giegerich,gilbso,h2c,hb,hfp,ielmahnadenresearchcenter,ija,intn,jazayeri,liskovsubstitutionprinciple,listn,lro,m2,m3,mid-model,mneme,module,ntup,numtrees,oimp,paira,paulobj,pdgforg,persdb,personcore,personrole,peterobj,pittman,pmslevel,powerjava,presburgerarithmetic,procedureparmsthis,prooftechniques,pulse-cda,puntilq,qlv,ramamritham,ramamritham83b,refactoredmethodsreferring,reorganizingfrozen,resourcecontrollerprocesses,rjp,serviceinstance,servicetype,sizevariable,sl1-gmb,sli-gmb,softwarequalitymanagement,sourcerercc,staticsingleassignmentform,synthesizergenerator,tcform2,teams,technologytransferapproach,teitelbaum,tff,transformerfigure,umple,unifi,wpdg,writebarrier,yaftfa,ysis,zzrl,devops,elasticjava,elasticthrift,strace,cabral,compilerinfrastructure,methodchurned,ntry,systemarchitectureevolution,programminglanguage,distributiveproperty,fosdick,letr,osterweil,errvai,tableidint,toset,triv,internet-centric,softwaredistribution,ehm,smallt,telecommunicationsservice,maclennan,prins,,,,,,,,,,,,,,,,,,,,,,,,,,,,,,,,,,,,,,,,,,,,,,,,,,,,,,,,,,,,,,,,,,,,,,,,,,,,,,,,,,,,,,,,,,,,,,,,,,,,,,,,,,,,,,,,,,,,,,,,,,,,,,,,,,,,,,,,,,,,,,,,,,,,,,,,,,,,,,,,,,,,,,,,,,,,,,,,,,,,,,,,,,,,,,,,,,,,,,,,,,,,,,,,,,,,,,,,,,,,,,,,,,,,,,,,,,,,,,,,,
Cluster 11, Anotate Here, abstractfactorypattern,abstractservice,addall,apiofsystems,aspectminingtool,astdelete,astmove,astupdatea,bellcanada,bellcanadaqualityengineering,binjuice,bixie,brainmethod,cgen,changedis,changen,changenodesqwalkeko,clonescape,codevizard,concernlines,createprocess,datrixw,defaultconstructor,delegatee,dependen,desiqn,do-until,donovan,doubledispatch,drawingview,duggan,ecco,ecosystemmodel,elliott,exe-dll,exedependencygraph,expressingchangecharacteristics,famix-core,financialriskmanagement,fluri,getlock,getpacketinfo,humaninterfaceguidelines,icexplanation,ilwith,impactful,intensivecoupling,inversionofcontrol,iα,jbender,jcip,jv,kar,lannode,listcontentprovider,lockchecker,lorenzo,machrpc,marinescu,mig,milu,mohca-java,molhadoref,monge-elkansimilarity,networktester,parametrictypes,parserpoolimpl,piutils,polyjava,populatecache,qwal,qwalkeko,rippleinspector,rssowl,servicemanager,shrex,simplepool,socketfactory,softbench,softwaremining,soquet,sortset,sortsetaddall,sourcecodeeditor,spaceshuttleprogram,squeaksource,sslsocket,structuredsystemsanalysisanddesignmethod,supportvectorclassifier,targetclasses,transactionbag,transactionsview,treeset,truncatetimewindow,violetuml,volatilememory,vondincklage,weakestlink,xpathcache,yoohoo,αnw,ctrigger,customizedinvariant,newdynamicinvariantgenerationtoolin,pene,securechange,securedependency,udon,ambros,bachmann,innocentfigure,methodologyexisting,rq1b,geturl,kiczales,ultraseek,call-ra,condimod,edgecase,ialgorithmdeleteanedge,incrementalhybridalgorithmthe,loca,locz,pmod,pmodfigure,pmodobserving,propagatepmod,t4e,ltrules,relationalgebra,dyta,istrue,prdg,prdgt,cabtoolsuite,mealymachine,vasilevskii,wiper,tagsea,carenini,mizuno,onlyoneoccupied,synchron,fuhrer,oosterom,taj,tripp,godclass,cecil,marchetti-spaccamela,nanni,newbery,rohnert,concernmapper,eclipsejavasearch,foldvisibilitymanager,suade,sourcecode,ccvisu,efdw,featurevisu,ifdw,internal-ratio,noack,matlabsimulink,reclipse,reclipsetoolsuite,backbind,adware,chromein,extensiondefender,malvertising,malwarewe,associationforcornput,howsla,machinery,nut,razouk,richier,voiron,softwarearchitecturedescription,navclus,randombucket,tdcm,ubm-last,baresi,decisioncoverage,mcdc,modifiedcondition,uniquefirstcause,bytecodeengineeringlibrary,levenhstein,amazonqueueservice,bemexample,heureka,istring,modifer,javadocsof,cr-index,cr-record,deltaintervals,charmy,geraldholzmann,gnutellaprotocol,internalmethods,siena-gnutella,sienapublish,subscribe,subscribemiddle,securecommunication,rippleeffect,bbdbs,lawgovernedarchitecture,postma,typesflyweight,determin,,,,,,,,,,,,,,,,,,,,,,,,,,,,,,,,,,,,,,,,,,,,,,,,,,,,,,,,,,,,,,,,,,,,,,,,,,,,,,,,,,,,,,,,,,,,,,,,,,,,,,,,,,,,,,,,,,,,,,,,,,,,,,,,,,,,,,,,,,,,,,,,,,,,,,
Cluster 12, Anotate Here, 4gl,acceptancetesting,agesen,algol68,associationend,automator,avio,babic,capps,chandra,codeengineeringlibrary,conlock,corebench,deadlockfuzzer,directexamination,dmaic,do-undo,eagle,eagle2,eclipseintegrateddevelopmentenvironment,ekstazi,ekstaziae,ekstaziaec,equalitypredicates,expressionenumerationour,fep,forcebuffermanagement,formtester,gnucoreutilities,hashconsing,holcombe,houssais,instrumentor,introductoryprogrammingcourses,itron2_,itron2_a,itron2_b,javadsl,jdbcconnector,jule,koelbl,liberalpostcondition,libreoffice,llfigure,lyle,magiclock,magicscheduler,man-hour,manipulatedtourapp,masri,mbt,mergepoint,mobileunity,mtfof,mysqldatabaseserver,nosuchmethod,nosuchmethodshim,objectfrequencyabstraction,offlinetestcasegenerator,oforhtml,openssh,originaltourapp,philo,pof,polysites,postr,prer,probert,provelines,pur,rcandtm,recontest,redorecovery,retestall,rigistandardformat,rpost,rwset,santelices,sbaccg,sbatc,sbatcg,secureshell,secureshellserver,serialport,sirprograms,snepvengers,snugglebug,sootanalysisframework,stationtests,stringcopy,symbc,symmetrybreaking,tableivin,tarantulaformula,tesma,tomcatapplicationserver,tourapp,vai,veritesting,vibesapi,wlopp,wlpp,xplab,znotation,σpp,oraclesoasuite,soabench,testcase,dynamicmutation,dynamicmutationtesting,ecyan,primerr,regressionfaulthypothesis,regressionfaulthypothesisin,rfh,impl,teslweb,rapps,jdolly,pulluprefactoring,clemsonaatomatedtestingsystem,concretevalue,varex,regressiontesting,dua,duas,visualprogramminglanguage,zesti,testsuite,junitmx,multicounter,tickit,harrold,,,,,,,,,,,,,,,,,,,,,,,,,,,,,,,,,,,,,,,,,,,,,,,,,,,,,,,,,,,,,,,,,,,,,,,,,,,,,,,,,,,,,,,,,,,,,,,,,,,,,,,,,,,,,,,,,,,,,,,,,,,,,,,,,,,,,,,,,,,,,,,,,,,,,,,,,,,,,,,,,,,,,,,,,,,,,,,,,,,,,,,,,,,,,,,,,,,,,,,,,,,,,,,,,,,,,,,,,,,,,,,,,,,,,,,,,
Cluster 13, Anotate Here, 2v2pl,aaccwe,agra85b,alg-strong,alg-weak,arcadiasee,behr,bem80b,ben,bern81j,bernbl,berngob,bovever,bpj,cbl,ccreqcpv,cert-et,dataconsistency,dbsec,dcloadcontrolmethods,deferredlogwritesa,deuteronomytc,dfjh91j,distributedconcurrencycontrol,dmi,dynamictimeinterval,emv2pl,emvppl,emvspl,emvzpl,fcw,flfo,grayal,guaran,hatrc,highrriority,hstore,icca,iccal,iccalll,ilam78i,ilor771,indivisibilityof,integratedconcurrencycontrolalgorithm,ioschedulingin,isch811,jcca,kiessling,lcok,lienp,lm1r,lmcr,lmlr,loadbalancingglobal,lwload,lwresp,maat,mitted,multi-versiongeneralvali,multipleversiontimestamp,multiversionparallelvalidation,mvccfor,mvsg,nvload,nvresp,nwl-notify,oel,oet,optimisticconcur-rencycontrol,orderindependencelemma,osof,papill,pfeiffer,plattner,priorityinversion,pwallelizerju,quorum,respo,respz,rielll,rose78,session,session-si,sktll,sling,stoilj,swds,synapseproceedings,szpl,teu,teuttutr,tieinterval,tieintervals,tiiird,transactiont,unionbankofswitzerland,wait-forgraph,wir,wun,ybl,,,,,,,,,,,,,,,,,,,,,,,,,,,,,,,,,,,,,,,,,,,,,,,,,,,,,,,,,,,,,,,,,,,,,,,,,,,,,,,,,,,,,,,,,,,,,,,,,,,,,,,,,,,,,,,,,,,,,,,,,,,,,,,,,,,,,,,,,,,,,,,,,,,,,,,,,,,,,,,,,,,,,,,,,,,,,,,,,,,,,,,,,,,,,,,,,,,,,,,,,,,,,,,,,,,,,,,,,,,,,,,,,,,,,,,,,,,,,,,,,,,,,,,,,,,,,,,,,,,,,,,,,,
Cluster 14, Anotate Here, ackregulator,additionalinformation,ahs,aikuchi,aisummarizer,allurls,atheris,authentica,bbt,benhoyt,bingserp,blast1hour,cgs,chickenfoot,collurls,commercenet,commercenetmembershipweb,compressionalgorithmas,deckitwap,digitaldesk,digitaldomain,digitalpaper,dnsre,findmobile,forwarderrorcorrection,fractalsummarizationmodel,friedchicken,globalwarming,gogetit,greasemonkey,gtklauncher,guessedw,hibo,humidifier,hyperbk,iaat,iarelevance,igoalmake,indrisearchengine,interbook,javaclasswarcrecord,kg-and,kgpresent,laplaceregr,look-up,mediaqueries,mementobrowser,mf-score,mf-scoreof,mf-scoreofnational,modemclient,ndip,networkelement,nsse,olvs,oreresourcemaps,pagehunt,pagesense,pagesim,pdsn,pooh,printerdriver,profse,profset,qdl,qdl-log,qdl-query,qdl-result,qtg,qto,querydestination,querytermorder,randomoracle,rdfamarkup,resourcemaps,responsivewebdesign,reverb,rof,rofse,rsapkcs,sbestcoffee,scanlife,searchresult,semanticwordbandwidth,sessionlayer,shuyo,siteselection,snippet,softerror,taf,takscompletionmeantimeagain,tiltsensor,toursservice,trevor,turkworkers,uppaal,usabilitylab,warchtmlresponserecord,webkitgtk,wgt,wisa,woms,xkcd,zreader,netsifter,maan,rdfgoogle,rdfpeers,yali,boostmobile,wdghtmlvalidator,pacificnorthwestnationallaboratory,nickraynsford,richnews,webpage,thiemann,cs-iis,conversionfunnel,webvise,jazzweb,sizeoftypediff,typedevil,webtrendslive,ginisframework,citrixica,micronclientpropc,sunray,sunrayi,likarish,checkstatus,cohortid,orman,referenceprocessingmodel,transcriptid,verifypolicy,xmldsigreferenceprocessingmodel,xmlsig,xmlsignature,xmlsignature-compliant,xmlsignaturecorevalidation,fom,htmltags,nnb,nnbfinding,specificfom,xmlevents,,,,,,,,,,,,,,,,,,,,,,,,,,,,,,,,,,,,,,,,,,,,,,,,,,,,,,,,,,,,,,,,,,,,,,,,,,,,,,,,,,,,,,,,,,,,,,,,,,,,,,,,,,,,,,,,,,,,,,,,,,,,,,,,,,,,,,,,,,,,,,,,,,,,,,,,,,,,,,,,,,,,,,,,,,,,,,,,,,,,,,,,,,,,,,,,,,,,,,,,,,,,,,,,,,,,,,,,,,,,
Cluster 15, Anotate Here, americanchemicalsociety,andrewdillion,bavota,benford,blacklight,bpel4sws,browserworld,cat,chemicalabstractsservice,chemicalsociety,clangraph,coffeetable,cone,cotsreturnssimilar,cscv,curriculumrecommendation,dillion,documentnetworkdisplay,dotnumerics,dovey,drori,duncangrouping,eboni,equilib,et-map,eztensibil,fazl-ersi,firstclick,gartdalf,garygeri,geotaggedphotograph,geri,ghostfactor,gotodefinitioncplusplus,guirippingtechnique,guitestingfor,hyper-mediaretrievale,hyrex,ieeecurriculumrecommendation,impressionformation,infocrystal,infusionpump,inseapeenvironment,interactivesystems,interfacedesignandimplementation,javamusicalsearch,keypress,kohonenself,markpejtersen,matthewdovey,mcneamar,mead,model-view,mooremachine,murphy-hill,mwnen,ndap,nokiated,nsdlonramp,onrusersurvey,orientedmodeling,overbey,philipscd,plussystem,polimedia,real-timeobject,remedyactionrequestsystem,repertorygridtechnique,rivadeneira,rssclusgatorsystem,rxnorm,scavengerhunt,sele,semanticorchestration,sikuli,sketching,somt,spkic,stagedpkiclient,susan,swissarmyknife,tagnsearch,testing,trpit,ubiquitouscommunicator,uion,umlspharmacological,userinterface,validatmion,vibesystem,vqs,w3ccg,wayfinding,webformulate,webgl,webgrid,webspec,webspececlipse,webtdd,wem,whitten,slowfood,centrefordigitalvideoprocessing,dublincityuniversity,userinterfacedesign,digmap,machinetomachine,mafra,bwe,locationtransparency,metcalfe,proprietaryformat,planout,applemouse,arrowkeys,computermonitor,facelab,scrollwheel,seeingmachines,citeseercommunity,reuterstextcategorizationtestcollection,kontogiannis,templatemethod,wauis,javasdm,graphicaluserinterface,run-timetypeinformation,runclass,standardc,classbrowser,active-netlib,netsolve,uims,anyui,apacheopenforbusiness,cameleon,cedarstudio,combobox,customerui,dynamo-aid,lloc,masp,ofbiz,paretoprinciple,rbuis,smartenvironment,swingstate,uisof,sced,idef0,mfee,mfle,mfse,musicfeatureextractionengine,musicfeaturelearningengine,musicfeaturesimilarityengine,mentalimage,serde,audiofeedback,ary,,,,,,,,,,,,,,,,,,,,,,,,,,,,,,,,,,,,,,,,,,,,,,,,,,,,,,,,,,,,,,,,,,,,,,,,,,,,,,,,,,,,,,,,,,,,,,,,,,,,,,,,,,,,,,,,,,,,,,,,,,,,,,,,,,,,,,,,,,,,,,,,,,,,,,,,,,,,,,,,,,,,,,,,,,,,,,,,,,,,,,,,,,,,,,,,,,,,,,,,,,,,,,
Cluster 16, Anotate Here, accurecsise,adaptiveserverenterprise,amin,bim,bior,boz,bozelse,br-tree,bulkinsertion,cal_hydro,caldera,cfbs,cg-tree,choubey,clearallbuffers,clearbuffer,clustra,clvworm,constraineddelaunaytriangulation,dehitioaregardless,directorynodes,dmbrsfigure,dotobaseendowment,drdbms,east_rail,empresssoftwareinc,eqc,exodusoids,falo87a,flsemch,fmazlfa,fovscene,fovscenes,gbu,georeferencedmultimediasearch,geosearch,geotree,gp-trees,gridfilemethodofnievergelt,hiibert,hilberti,inserting,iyw,jaggob,kdb-trees,lahar,lbu,lel,lhv,log-structuredmerge,mbrs,mbtr,mbtrs,mmdbms-specific,mtrees,multlway,multlwaytrees,mvbt,nd-tree,ndds,olfit,op-tree,op-trees,opticaldisc,opticaldiscdrive,oracler-trees,ouksel,oxy,performancecomparison,plop-hashing,pmr,prefixb-trees,publicdata,pushdownentry,quickload,readnode,rsu,samso,scanto,schemes,sdefined,sheuermann,singleproc,slim-trees,snydcr,splitnode,sscan,svtrees,tex_hydro,tree,treeofm-trees,treeofrobinson,trees,treev,tv-tree,usbg,uxae,vr-tree,vr-trees,vtree,pams,bayer-schkolnick,lab-link,maxutil,misspercent,six,spl-hp,srmrtdbs,td-opt,td-six,treecc,bm-tree,bq-tree,mat-tree,strnum,setlist,isam,rtrees,hier-chain,beachcounty,boundarycell,filtertree,filtertrees,multidimensionalaccessmethods,usbureau,fs-index,tpr-tree,nkpusing,ool,datacardinality,indexclusteringcomparison,latticesky,nestedcode,nestedcodes,po-reduce,regularityofpodomainin,tss,tss-opt,spacecomplexityofdatastructures,digitalchartoftheworld,algorithmtopinfluentialsites,oands,tree-portal,bks93b,buddysystem,clusterorganization,clustersize,droge,schekids931,slm-technique,tby,rdnn-tree,tsb-tree,kameda,vldbconferenceziirich,findgeq,hydro,lsover,sdofilter,sdogeom,sdorelate,zb-tree,ahssapplyguttman,choosesubtreealgorithms,gr-tree,gr-trees,grtree,heur,inii,qrnu,removetop,splitalgorithmass1invoke,sequentialscan,quadtrees,vbrs,computationalindistinguishability,merkler-tree,mr-tree,powerdiagram,treeandpowerdiagram,hdvs,hdvss,hjaltson,nn-searches,sphere,xtree,ikey,internalin,ytree,mohso,diabeticretinopathy,rum-tree,eacht,ptqu,alsberg,iziv-le,oriinal,plambeck,sso,tween,zla,celllist,combinedpattern,mergeoperation,mvr-tree,neighborstp,qcoversp,randompattern,randompatterns,relevantpattern,relevantpatterns,stpquerieswithtime,timeinput,dataminingandolap,st_distance,st_intersects,gridfile,data-dd,data-td,data-vp,javaspaces,taskdistribution,òòòóðaeùñ,,,,,,,,,,,,,,,,,,,,,,,,,,,,,,,,,,,,,,,,,,,,,,,,,,,,,,,,,,,,,,,,,,,,,,,,,,,,,,,,,,,,,,,,,,,,,,,,,,,,,,,,,,,,,,,,,,,,,,,,,,,,,,,,,,,,,,,,,,,,,,,
Cluster 17, Anotate Here, akkatoolkit,appforge,automaticschemageneration,azuresqldb,basedm,bigsur,businessmodeling,codd,con,conds,conjviewmultiblock,conjviewsingleblock,cpusun,cqcmethod,cqcmethodengine,crowd4u,currentstep,data-centric,datawarehouseapplications,dbschemaextractor,dibas,dropelement,dropelementddl,dynamicin-memoryexpressions,dynamicsql,ecperf,eipd,end-userneeds,entitybean,estimatê,flinkfuses,from-list,fyi,gabbay,gavemployee,gconds,generalprocessingstrategy,gers,groupqueries,hmever,idealnumber,ihm,illustraordbms,illustrasql,illustrasqltheillustraordbms,imcus,imeu,inaameptuals,instancestore,integra,jako,jdbc,jdbcchecker,jserv,kaon2,kqical,low-acck,mastrostudio,microstrategy,microstrategydss,mondrianolap,mybean,mybeandata,oracledatabasein-memory,orderofoperations,qhm,qrate,rabbitmq,read-modify,relationalbusinessmodeling,samzaframework,schemanavigationmenu,schemavalidationtool,spacesavings,spatialite,sportsense,sqat,sql-92,sqldb,sqlheronstorm,sqlj,sqlquerie,sqlserverexpress,sqlserverqueryanalyzertool,sqlspreadsheet,sqltransaction_committed_read,ssofalgorithmconjviewsingleblock,statisticsapi,stopbadware,svtsystem,teamsport,telenor,teradatadbs,teradatadbsfeatureswe,timememory,training,twittermillwheelgoogle,uhm,vmwaredrs,vstart,windowsmobilesmartphone,wire-type,hppm,hpprocessmanager4,rasdaman,rasql,spermwhale,slaof,appli,sql,elnikety,firstcommitterwins,multiversioniso,rcmv,isccb,quanhuahong,return_current,sql-like,vxmlr,cunit,globkv,lcgs,linearcongruentialgenerator,perada,syncsql,sql-ts,,,,,,,,,,,,,,,,,,,,,,,,,,,,,,,,,,,,,,,,,,,,,,,,,,,,,,,,,,,,,,,,,,,,,,,,,,,,,,,,,,,,,,,,,,,,,,,,,,,,,,,,,,,,,,,,,,,,,,,,,,,,,,,,,,,,,,,,,,,,,,,,,,,,,,,,,,,,,,,,,,,,,,,,,,,,,,,,,,,,,,,,,,,,,,,,,,,,,,,,,,,,,,,,,,,,,,,,,,,,,,,,,,,,,,,,,,,,,,,,
Cluster 18, Anotate Here, adadbms,airlinepreference,algebraprograms,areaofstudyandfieldofwork,as3ap,avsof,bidoit,boxview,bucketdistribution,bucketspreadingstrategy,carinformation,cerfix,cerfixarchitecture,chamri,clabels,crossbarswitch,dataplay,decluster,dhghmethod,didfail,dsmpost-projection,dsmradix-decluster,dynamicdestagingstrategy,dynamichybridgrace,dynamichybridgracehashjoinmethod,eclipseextractmethodwizard,eddyjoins,efq,entiflc,ewh,fd-mine,figurethej,fluf8u,formalanalyzer,fowlerreport,fromr,fundamentalrulechanges,ganski,geometricprimitive,gpz88j,gracehashjoinmethod,grwrlysol,hash-join,hashjoinmethod,heuristicargument,hhmethod,hiu,hmn,hotspare,hybrid-hypercube,hyreminder,insert-start,internationalcmfemnee,ip95a,it8,jive-join,kit89c,klegl,ksuw85j,lak89j,make,melmac,mg-fgp,newalgorithmsas,oodr,oom87j,pci-xraid,preferredairline,privé,processweaver,propertylocation,q1,quickstore,radix-declusteralgorithm,ral,rdram,refactoringannotations,ribute,rosenkrantz,sc-str,sdcin,seli,silberschatrirks851,skheadadn,ss9o,strisynth,swa-str,targetskeletonerror,texti,universalsolutions,universityingres,unnes,ura,vldbeopyright,vyl,wa-str,youngunemployed,ypp,yzv,zipflike,ps-algorithm,rs-algorithm,whileconstructs,wifiaps,bag_in,bag_zn,bthis,make_bag,matchktg,ellipticcurvecryptography,emb,miracl,sigcache,sigcachealgorithm,1with,mipscpu,onlineaggrega-tion,dewi,gerbgo,joini,lipt90a,lipt90b,rdhs,readahead,right-deepquerytrees,schn89a,schn89b,sort-mergejoinalgo,misralu,alertdialog,computefeasibleedges,directoryinfo,eventhandler,guiripper,helpmanager,imagebutton,interproceduraldistributedenvironment,validccfgpaths,chockler,fordfulkerson,why-no,why-nofornon,why-so,smnodes,algorithmletty,deferredcommit,ehek-shadowscc,hcl90alj,hclgoa,hcll,hclsoa,hclsob,korso,occ-bc,pessimisticconcurrencycontrol,scc-2s,scc-cb,scc-dc,scc-dcalgorithmwe,scc-ks,scc-ob,scc-vw,specnumber,srscsl,waitfor,pps-cluster,lshipdate,hadoopdb,hpproliantdl360g6,mw,ocustkey,tpc-horders,algorithmcreatebuckets,carforsale,productrewiew,heracli,ileraclitus,iqti,majo,majt,dani,dl-tableau,sim-dl,sim-dla,dewmi,dhtc,ivald88bl,koshafian,rnew,vldbconfi-rencl,db-to,pamllelhiemrchical,ppisma,superlinear,tuple,aedt,aetds,erval,iirt,oiip,ruc,wiivii,xsltelements,fvalue,englishcompound,echniques,iont,iwirai,necdlcss,operat,optimizat,soiyic,adult-numeric,extended-dfs,yahooadultfigure,256-bit,albutiu,avx,blanas,chhugani,computeeq,propcfdspc,spcu,tϕ,125,buil,hashbasedaggregation,hashjoinnote,hcrcill,improvedsort,itable,mergedstep,partitionedhash,timespeedup,oii,abj,andgrace,are,beslfildecreasing,bestfitdecreasing,bsj,ivit,loadbalancingparalleljoin,parallahashjoin,tbtcckel,tbueket,tphorad,tphorc,ttotol,tupleinterleavingparallelhashjoin,localgroup,datamovementall,doublingalgorithm,fian,fibbingalgorithm,nbradjust,shearstress,databasesecurity,ddb,hsdb,acura,broadarrow,dl-monotonic,dlmonotonic,ldbd,uldbd,uldbs,πperson,counter-sampler,gvsu,pseudo-codeofrg,rg-simple,rg-suppress,simple,unbiased-agg,dnssla,omeganetwork,virtualprocessor,wdytso,daya,hybridhash,minimal,composebushytree,alicebob,noteworthily,perturba,rud,rudmine,ruds,solvingrudmine,,,,,,,,,,,,,,,,,,,,,,,,,,,,,,,,,,,,,,,,,,,,,,,,,,,,,,,,,,,,,,,,,,,,,,,,,,,,
Cluster 19, Anotate Here, abrahamsson,adaprocessmodel,asean,attentionspan,aucdi,businesstransformation,büchiautomaton,caliò,caliòinformatica,caliòinformaticasrl,carddomain,cashman,ccpds,cmmi-swstaged,coarse-grainedmodeling,cocpvc,comparisonofgroupattitudeswe,conan,contractmanagement,criticalpathmethod,csc-objects,darwin,defectmanagementmain,departmentsize,desouza,developmentcommunication,electronicsdivision,featureide,fiores,greenspan,groupnormsandsharedworkpractices,hannaturunen,hoiw,houser,humannature,informaticasrl,inifi,isdt,itustan,jad,katherinerose,komm,kommgame,kommgameenvironment,kontio,mannylehman,marginalrateofsubstitution,matchgrade,mattem,methodengineering,mtsprop,nolan,object-chillb,openuniversity,organizationofdaily,organizationofpair,oulaheikkinen,petrinetsfor,pig,polycom,process_signal,processwarehouse,projectstakeholder,rapid7,redmile,redundantcode,reichlmayr,researchques,rikukylmäkoski,rmt,rmttool,roifor,sepg,serebro,siemens-in,smap,softwaredevelopmentsystem,softwareresidency,softwareresidencymodel,solgreenspan,southeastasian,spacestationfreedom,specificationanddescriptionlanguage,splittransactions,ssadm,stevemcconnell,stmicroelectronics,stmicroelectronicsbelgium,stockinfo,students,synthesisof,systemengineeringpse,systemsanalyst,systemsdivision,systemsproducedour,tampereuniversityoftechnology,technicaldocumentation,technologytransfermacro-process,ttmacro,ttmacro-process,vbsqa,vbsqaprocesscreator,groupspaces,ozweb,productliability,cadena,ccmidl,readdata,tacticalsteering,ique,agiletesting,ecma,nistreferencemodel,sdes,harlanmills,fuenlabrada,hospitaldefuenlabrada,seleneinformationsystem,sinamed,teama,softwaredevelopment,abstractmodel,safetyintegritylevel,softwarerequirementdocument,vitalcodedprocessor,phrogram,swaf,swafnext,ronjeffries,wardcunningham,,,,,,,,,,,,,,,,,,,,,,,,,,,,,,,,,,,,,,,,,,,,,,,,,,,,,,,,,,,,,,,,,,,,,,,,,,,,,,,,,,,,,,,,,,,,,,,,,,,,,,,,,,,,,,,,,,,,,,,,,,,,,,,,,,,,,,,,,,,,,,,,,,,,,,,,,,,,,,,,,,,,,,,,,,,,,,,,,,,,,,,,,,,,,,,,,,,,,,,,,,,,,,,,,,,,,,,,,,,,,,,,,,,,,,,,,,,,
Cluster 20, Anotate Here, 2000for,adrs,ahaa,antennagain,automotiveengineering,automotivesoftwareengineering,automotivespicetm,autosoft,blinformática,boehm,braziliansoftwareproduction,bulletinboardsystem,capabilitymaturitymodelintegration,chulalongkornuniversity,cleanrmm,cleattroom-specific,cold,computer-aidedsoftwareengineering,copakoala,csi-se,daida,datarium,dejure,departmentofcomputerengineering,divingboard,europeanist,federaluniversityofriodejaneiro,gecr,generalobject-orienteddevelopment,globalsoftwaredevelopment,iec15504,iectr,ieeestd-1471,industrialproductfamilies,informática,inter-dimensionalenergy,ithis,kobra,komponentenbasierteanwendungsentwicklung,kyoc,mainagilepracticesan,mbaplotting,mcginley,nakata,nimsad,omse,philipsresearchlabs,pmse,pohang,pohanguniversityofscienceandtechnology,practicum,psychologicalresistance,qada,qasar,qualisoftproject,questiowetricapproach,r1c1-style,raytheon,requirementintegrationmodel,reuse-drivensoftwareengineeringbusiness,riosoft,robertbaker,rseb,sepm,sesena,socialse,softexprogram,softwaredevelopmentlaboratoryofraytheoncompany,softwaredevelopmentpracticum,softwaredevelopmentpracticumi,softwareengineeringforautomotivesystems,softwareengineeringprocess,softwareengineeringskills,softwareengineeringthis,softwareevaluationframework,softwareevaluationframeworkofwong,softwareintensiveelectronicproducts,softwaremanagementenvironment,spicetm,stand-upmeeting,strategicsoftwareengineering,strategicsoftwareengineeringwe,subjectorientedde,submarinesignaldivision,swe,systemfactory,systemsunit,tdl-to,technicalresearchcentreoffinland,telegramproblem,thepurposeoftheworkshoponindustrial,tm354,ucheck,useruser,validate,vitsl,vtt,wox,wsndard,wvu,zonemetaphor,bapo,copa,rosettastone,cognitive,karsenty,technicalreviewmeeting,johnsayler,kojitorii,softwarecostreductionmethodology,wile86a,wile87a,groningen,universityofgroningen,mcim,edser,,,,,,,,,,,,,,,,,,,,,,,,,,,,,,,,,,,,,,,,,,,,,,,,,,,,,,,,,,,,,,,,,,,,,,,,,,,,,,,,,,,,,,,,,,,,,,,,,,,,,,,,,,,,,,,,,,,,,,,,,,,,,,,,,,,,,,,,,,,,,,,,,,,,,,,,,,,,,,,,,,,,,,,,,,,,,,,,,,,,,,,,,,,,,,,,,,,,,,,,,,,,,,,,,,,,,,,,,,,,,,,,,,,,,,,,,,,,,,,,,,,,,,,,,,
Cluster 21, Anotate Here, analyticalhierarchy,angelo,archdesigner,barryboehm,bringin,carr,cefact,cing,classroomassessmenttechniques,cmmver,colaba,complianceengineering,digitaldarkroom,dnananotechnology,dnaorigami,engineeringeconomics,estelle,fhgiese,fourthinternationalworkshop,ftit,gbla,hong-meichen,hypedj,hyperlj,iecsfcs,industrialcontrolsystem,initst,intensivedesignassessments,internationalcommunity,iose,jetpropulsionlaboratorykitexperience,jus,jönköping,komiyama,kuzuya,l1svc,l2svc,l3svc,laubsch,logiccontrollers,marketmaker,martinsandrieser,masterylearning,mediailog,medicalsoftware,mfigure,modu,moqare,organizationalissues,pbqp,peerreviewmeetings,pex4fun,physicalsecurity,positiveinterdependence,principlednegotiation,professionaldegree,programmablelogiccontroller,project-basedlearning,pt-course,rathke,refoqus,releasemanagement,remoteaccess,riskit,rmac,robertposton,robynrlutz,sabripllana,sait,saofshr100,save-ide,saveccm,savecct,saveintegrateddevelopmentenvironment,sbst,sequentialfunctionchart,sfcs,siegfriedbenkner,sleightofhand,sociotechnicalsystem,sofisvam,softwaredesignpattern,softwareengineeringeconomics,softwareengineeringenvironments,softwareengineeringieee,softwareengineeringprocessgroup,specialeducation,spro,statuswindow,statuswindowgui,stringtable,superiorsoftware,survivability,synthe,systematicrisk,tonybaxter,valuescorecomputationconsidervaluescorenormalizationnormalize,vgu,virtualglobaluniversity,visionl1imageacq,vpnremoteaccess,xyz,zenderman,isdos,iwaapo,sommerville,depauw,kimelman,vlissides,datasetsexecutiondatadesignsdata,rstrc,rstrcrstrc,sttdataanalyze,tropos,branchtrace,branchtracebuffer,lbrthrough,testcocoon,hoda,usetwitter,keywordsformal,oductionpatterns,temporallogicofactions,epsrcmatrex,schwanke,chooseward,inhospita,rmffor,taketemp,creditsuissebank,khadka,moderniza,quilici,roiofmodernization,seacord,weide,ascentlogiccorporation,kurtasmis,mackalford,ontariohydro,pauljoarmou,poore,rickybutler,sadler,rcp,cashflow,discountedcashflow,economicevaluation,businesssoftware,coko,coko-kola,conditionul,relatedwork,lisfs,logicalinformationsystems,nationalsoftwareworks,seeducation,discretionaryaccesscontrol,securitytestingmethodologymanual,tigerteam,lforno,npv-analysis,pulsetm,qualityfunction,ajstackexecscope,aspectwerkz,boundedstack,featureinteractionproblem,metaobject,xaspects,universityofhawaii,internationalworkshop,languagebinding,machineelement,hospitalinformationsystem,logincontext,un,baremachine,buzen,jelinski,moranda,proscha,proschan,shooman,eclipsepedia,avionicssoftware,integratedapproachesthis,magers,ouruniversity,rauscher,sequentialapproach,zeldin,universityofsoutherncalifornia,softwareengineering,,,,,,,,,,,,,,,,,,,,,,,,,,,,,,,,,,,,,,,,,,,,,,,,,,,,,,,,,,,,,,,,,,,,,,,,,,,,,,,,,,,,,,,,,,,,,,,,,,,,,,,,,,,,,,,,,,,,,,,,,,,,,,,,,,,,,,,,,,,,,,,,,,,,,,,,,,,,,,,,,,,,,,,,,,,,
Cluster 22, Anotate Here, acpi-compliant,alatindictionary,algorithmdeterminemsp,appinfo,aspslas,beps,cachelookup,camileon,choimportservice,chorepositories,chorepository,compliant,crudservice,csip-core,dansemacabre,dartid,dataprotectionto,dcmi,describex,digitalobjectingestion,dodictionary,dtdsys,encapsulation,eod,error,fab4,flexy,flo,freealgebra,ftscore,functionalapproach,gapworks,generalparent,goldengate,idfsofthe,imlsdcc,institutnationalde,integratedschemarefinement,interchangeprotocol,jenardf,jeromemcdonough,kygoddag,markapi,mediatorgateway,metanet,modularprogramming,motionjpeg,mqx,msq,nationalvideolibrary,ncg,newmediaart,nooj,npaci,oai-pmhidentify,opales,pc-db,pergamos,pergamosdl,procurement,queryevaluator,rdfschemaclass,sailer,schemacomponentxmlsyntax,schemapath,schemasummary,scx,sec,secretariatofresearchandtechnology,senatearchive,sirpac,slangsla,strandmapservice,stringdata,structure-aware,tei-lite,teixlite,temperature-aware,ukheis,unparser,validationrule,vinciframe,vinciservableadapter,voai,vocabularyaccessservice,w3cnote,webstart,wikipediaxml,xcheck,xid-map,xids,xlinkmarkupnamecontrol,xmltransformationlanguage,xsmapper,xsvgen,xswebmapper,xtalk,xupdate,xylemeids,πene,algorithmhype,regularxpath,securemodularqueryengine,smoqe,queryyleaffbucketssthis,vra,deltarser,adobeflashplayer,forcehttps,securecookies,pre-mso,sevpa,transformingxml,vpa,vpaa,vpafor,vpas,xvpa,apply-imports,builtinapplytemplates,next-match,t2q,template,escidoc,backoffice,dataintegrationusingxml,datatransportthere,foitoxmloffice,objecttransaction,ticra,tigra,drivermanager,tokeniterator,xdbc,automaticcodegenerator,rulesofengagement,usecoyote,virtualfolder,actualml,inheritedml,xbenchmatch,dsals,getactivitynode,krzysztofczarnecki,smarttools,ulricheisenecker,action,javabeansapi,petridish,target,citeparse,graingersearchaidproject,serverxmlhttp,hiberlink,mbxml,xquerycore,onlinebanking,opacui,xml-schema,w3cmultimodalinteractionframework,goldengateeditor,processtron,taxonxprocess,xmlp2p,cipherdata,datavalue,encrypteddata,glb,innerkey,keyinfo,policyqueries,xchgkey,xmlencryption,xmlencryptionrecommendationthe,xmlencryptionsyntax,equivalence,equivalenceofq,advancedforensicformat,bodleian,digitalcollections,digitalforensicsxml,stanforduniversitylibraries,unc-ch,api-to,apia,apib,apic,apiname,apitypename,crimsonxml,documentbuilderfactory,emitapi,emitmethods,emitsig,enumiter,fbutil,impltypename,isconstr,ismethod,iteriter,javafacebookapi,shallowadapt,sensorysystem,undohedo,qssp,xpes,fileattribute,filesystemxml,sablotronlibrary,xpathshell,schematron,xml,xmlspy,netscape,xmlbrowser,xmlvirtualmachine,connotea,harvaana,libraryofcongresscommonsproject,rawsugar,suggestica,teledermatology,uddi,scenebean,xtango,xsl,carrington,deene,benchmark,benedikt,cheney,edtds,extendeddtds,turingcompleteness,axart,rity,uncertaintyquantification,usageimpactfactor,flwor,sdtds,xmlschema,peterp,re-query1,childtag,elemtag,forvars,inbuf,outbuf,outvars,xmlstreammachines,xsms,xsmsm,anonymousfunction,ltsp,occurrencerule,proteinsequencedatabase,brüggemann-klein,fernau,soag,soagone,soagoutput,soagw,trang,γw,γwofequivalence,coteia,semperwiki,sãopaulo,universityofsãopaulo,runtimeserviceloading,serviceglobe,antlr,milosmsr,xtrie,certificateauthority,rion,rpon,metaweblog,randomuri,rdfsitesummary,universallyuniqueidentifier,wordpresssioc,xslt,abortedrequest,beginrequest,querymetadata,queryrequeststatus,refuserequest,expn,irtofexternal,udata,ddr,nddr,qra,mt-scribe,jatlite,javaspace,lecturelet,xmlnamespace,covamof,xpush,ghelli,bbi,bbisim,cxp,uload,docbats,xmlgen,xr-trees,algorithmcontains,algorithmlub,lub,nitfdtds,tive,classicalarchitecture,xwebmapper,fsx,rothenberg,archedit,awacs,medvidovic,x2doc,alternatingtreeautomata,gcx,harvana,xpath,xmlretrieval,xmlvalidation,coff,abbyy,taxonx,streamingxml,litkowski,xmlanalyzer,xmltree,andré,arthistory,elisabethandré,zyx,mobilec,xmiddle,,,,,,,,,,,,,,,,,,,,,,,,,
Cluster 23, Anotate Here, ablelazy,admin,adms,advanceddatabasemanagementsystemadms,algorithmbloc,algorithmbloekablelasy,algorithmlazy,archiveprofile,bifoldleap,blockablelaayalgorithm,cdfg83b,cdxprofiling,charlieparker,cliquesoaps,cofi-trees,compareandswap,convivainc,deferreddatabaseupdatealgo,deferredupdatealgorithm,describin,doublecas,dynamicauthorization,earleyparser,ezecute,flexpat,floni0,foreignstudents,fp-gmwth,frequentclosedpat,furtado,gdljs,gdms,gdpe,generateprofile,generativegrammar,genprefixscan,hmi,iherefore,irisdbms,ject,jexlog,jws,lasy,lemoivre,martinkay,mccm,mentallexicon,musicpsychology,nextword,nitro,npts,nucm,ohmms,owens,parisi-presicci,pforthegraph,pfwucturethegraphaaxxdiitoths,pp-mine,pp-tree,ppd-tree,ppjoad,prefix-path,prestrudun,principlesandparameters,printproc,randomsearcher,randomsearchermodel,responsecacheprofiling,resultbank,sacquisitionofthelexiconandsyntax,schemamanager,securitycontext,securitycontextsc1,securitygraph,setspec,setuid,sirnil,specific,specificfunctionauthorization,spiro,sport-car,stanfordsift,sundell,taggedpointer,tatomic,tflk,tforce,theart,thfirusesinsystenswe,tiogaeditor,tpts,treeprojec,tsigas,uat085b,viewe,visiprog,vlslprog,walar,workarea,ygm94a,ygm94b,distributedgarbagecollection,newobjectallocationproblem,ongss,sgpso,recurslveprograma,techniqueimagine,dsdv,fordrouting,sharedmesh,temporallyorderedroutingalgorithm,archon,cfi2tcfi,cfis,fimidatasetrepository,minetcfi,minex,ndis,msus,officefornationalstatistics,rowproperty,suda,systemmainte,backperm,prefixsuffix,zgrep,tis,oaiset,addon,addonmechanism,kantere,loebman,staticcollab,subston,substonmechanism,asv,scmantic,highspec,ozta,sis-tms,telematics,iorequestpacket,givcb,irelarrtl,procr,qnoc,rtcxi,setl,vldbconferenceduldin,dgn,dgu,dln,ihup,ihup-tree,t10i6d100k,up-growth,up-tree,upg,excell,htwuis,crementalproofs,experiencedesign,groupcommunicationsystem,intheorem,sharedregister,flexplorer,hstc,schorr-waite,nationalservice,securemessaging,slovenian,tasknets,deltaexecution,petermehlitz,redos,undobacktracking,undos,splitdecision,implicitmemory,taeds,pardci,bredt,monar,pcount,plink,readyq,templink,ror2vr3r4,basicscrollpaneui,jscrollpane,leakbot,metalscrollpaneui,orlovich,scrollpaneui,specjbb,mediationpattern,apachecollections,filtering,findingperformancebugse,hprof,implementations,ipcs-sequence,ipcss,ipcssequences,measuringsimilarity,encodedarchivaldescription,found,responsetimeanalysis,responsetimedecisions,oodbms,pstof,oracle-agedg,nvramdisk,nvramdisk-replacement,nvramgroup,nvramgroupcommit,ramdisk-replacement,ramgroupcommit,timedilation,boundedbuffer,randomorderscheduler,amalia,gh-be,ghgh-bemcfsm,mincostmaxflowapproach,prodag,cedaroperatingsystem,hagmann,fp-bonsai,copelandeto,istannualsymposium,datastructure,aries-csa,fzt,hybsrv,large,nrds,objsrv,odbmss,pagehard,pagehardpagesoftfigure,pagelsn,pagesoft,small,steal,aitemaliveiy,centrili,shdvtxlsaoondarymenay,may-contain,ssdftl,ppg,rtdb,eswaran,blockfetch,blockmap,fullkeycard,bcnfinput,bcnfthe,biskup,osborn,rosrnkrantz,algorithmstepped-hash,algorithmstepped-merge,stepped-hash,stepped-merge,tpcc,earley,aded,global-mfor,roja,locdep,sanjo,sanjost,apsara,fuxi,fuximaster,graysort,vstalgorithm,logicaladdress,thegameoflife,evelmatching,levelmatching,lms,updowntree,micro-operation,microx,rozzle,truscan,stardb,chainstore,fcacheofthe,arystoragemodel,bji,joinhh,joinji,ruma,linearizability,snzi,,,,,,,,,,,,,,,,,,,,,,,,,,,,,,,,,,,,,,,,,,,,,,,,,,,,,,,,,,,,,,,,,,,,
Cluster 24, Anotate Here, 6asexpltin,aat-taiwan,acquiscommunautaire,administrativedivision,airweb,albumcover,algorithnl,allmeanings,anjagöritz,anomalousstateofknowledge,aowha,ariessyslems,aswemaythink,ausdehnungstabellen,bijinitialise,blulab,borman,canponentaoo,cater-kraft,chappelle,ciria,coord,corley,cqassign,derstandard,dldn,donswanson,engelbert,equivalencemapping,euchdean,europeanlegislationacquiscommunautaire,fduexpres,fduexprole,federatedinformationsharingcommunities,fron,frum,geologicalformation,glaucus,gmcr,googlespellchecker,grantet-84,gwizdka,hiltz,hotmap,iclcafs,iirpanel,illted,interactivecomputing,interpret,japanesegrammar,jasrealist,krv,krvs,kubioirne,kutta,legalinformatics,limsinov,m2k,m_,maxpooledrecall,merc1ti,methodologyr,museapproach,musicinformationretrievalexchange,musicinformationretrievalsystems,naff81,newconcepts,nlminter,nongraph,nte,ojriss,ontotext,particlesystem,penniman,permiss,psychometricfunction,reiterer,retrievalservice,robinburke,runge,serbianlanguage,slidealignment,spatialability,ssfor,syslem,taube,tauber,teldap,theidf,tll,translationstudies,turoff,tweetmotif,virlab,vocmatch,vsmofthe,wordnetapi,yerbury,zetoc,zprise,arsc,googlegigaword,gowordfilter,lucenewhitespacetokenizer,sebastiankirsch,tokenizer,tokenstream,wwwrobots,digitalequipmentcorporationpdp-10,heathkit,javaclasslibrary,javafor,numberformat,objectspace,xeroxdatasystemssigma,armento,geographicdigitallibraries,tague-sutcliffe,communitystudies,learningworkshop,cclso,nextclosure,nextfrequentconcept,trias,clickclick,t2t,v2t,v2v,avajotalo,vaporengine,stamou,varlamis,identifier,ho_wever,re-calculating,pdp-10,transeasy,taskforce,dynamicip,eim,alvisp2pir,query-driven,obliviousram,majorityopinion,miz,greeninformationretrieval,coor,radecki,fulld,inexbooktrack,inexproveit,informationretrieval,interactiveinformationretrieval,cnnnewswire,iz,micropayment,selhits,transportableassociation,pitchshift,knowledgesea,knowledgeseaii,ksii,seaii,astransac,departmentofinformationscience,exeter,universityofexeter,universityoftokyo,fumas,godiu,dianekelly,,,,,,,,,,,,,,,,,,,,,,,,,,,,,,,,,,,,,,,,,,,,,,,,,,,,,,,,,,,,,,,,,,,,,,,,,,,,,,,,,,,,,,,,,,,,,,,,,,,,,,,,,,,,,,,,,,,,,,,,,,,,,,,,,,,,,,,,,,,,,,,,,,,,,,,,,,,,,,,,,,,,,,,,,,,,,,,,,,,,,,,,,,,,,,,,,,,
Cluster 25, Anotate Here,516,adenomatouspolyposiscoli,backscan,bcomponent,bcomponentbc,bgen,bird-li,birer,c45cs,ceminer,cemineralgorithmwe,ciesielski,clarknet,cloudlets,crosscompany,ctminer,datadiscrimination,dbwd,directly,dynamicresourcecollection,dynamicsubsetscan,ebackscan,ebide,eigml,engineering,environmentalchange,europeansocialfund,exvis,fondecyt,fractalclusteringfor,graphscan,greenfluorescentprotein,h3c,h4b,heuristic-up,hierarchicaltucker,highneurotics,hugh,hughwilliams,icws,ieminer,igml,imperfecta,japaneseyen,kadoda,keysee,lacoste,linguistica,livelink,memisp,micinn,morfes,mrt,multiplestableclustering,n1k,nale,nasancc2-1239,naturalhistory,networksofcentresofexcellenceofcanada,nnc,normal-gamma,normal-gammadistribution,notificationservice,nowson,ntcirweb,onrn00014,onrn00014-03,opt-down,opt-up,optigrid,osteogenesisimperfecta,pascalchallengeworkshop,pennstatecse,personalitytest,pipeli,poisson-binomial,population-basedincrementallearning,prta,quasicube,random-up,rcestima,real-datal,regionalgovernmentofcastillayleon,resourcecommuni,resourcecommunicator,ripemd,sav,scalablekm,scontr,scsrc,sigml,single-company,sismanis,siso,sizedifference,socialfund,software-and,software-andweb,statefulfirewall,stralegv,swordfishjp,swordfishprefix,tprefixspan,wcontr,webb,balancedtreeoverlaynetwork,leftchild,rightadjacentnode,rightchild,rightroutingtable,publicsuffixlist,burstdetectionscore,hashtagscore,retweetof,retweetscore,tweett,twitterretweet,aggressive,cccs,spar-ccc,sparccc,adns,adnsofthe,catandmouse,hanley,mcneil,rach,smurfattack,ressl,cond,enterpriseedition,ociapi,zstream,hrbust,neuir,cormac,e1-hamdouchi,fubr,gersdai,japanesedictionary,wlllet,grito,basiceq,estimatef,iafigure,nb-gram,opteq,sepia,athough,left-compose,redoop,worldcup,dataset,netshield,tukutuku,grinstein,visualthinking,starcoordinates,metricfactorization,experimentd,generalaggregation,generalmethodforaggregationcomputa,isfc,isfcaggregation,isfcr,large-data,medium-data,pages,row-majororder,sciplorextract,,,,,,,,,,,,,,,,,,,,,,,,,,,,,,,,,,,,,,,,,,,,,,,,,,,,,,,,,,,,,,,,,,,,,,,,,,,,,,,,,,,,,,,,,,,,,,,,,,,,,,,,,,,,,,,,,,,,,,,,,,,,,,,,,,,,,,,,,,,,,,,,,,,,,,,,,,,,,,,,,,,,,,,,,,,,,,,,,,,,,,,,,,,,,,,,,,,,
Cluster 26, Anotate Here, 3our,acceptableusepolicy,acknowledgmentssomeofthe,action-type,addanki,alad,andino,andrewh,angularacceleration,arizonastateuniversity,arizonastateuniversitybioai,asahishimbun,authorityrecords,bapna,bergemann,bmuf,booknet,bossa,bouguessa,brazilhowever,categorizer,cdd,cibo,cntk,communitycollege,coper,corelimages,corso,crmeth,d3m,dbseer,dbsherlock,deepcrossing,deliciousurls,dermatoscopy,dunbar,eideticreduction,emycin,errorconcealment,fatman,federalrepublic,feltinvolvement,filetransferprotocol,firby,fiton,fiverr,franconi,fsap,fujiwara,functionkey,gacitua,gandon,gompertz,graph-ap,greenmeter,groves,gwap,highw,hiwat,hmrapis,humaneva,huo,hyperbolicgeometry,ikltgp,iktgp,imem,ingram,instantreplay,instituteforoperationsresearch,internationalconferenceonmachinelearning,interviewingmethods,inweb,iof,jeguo,jquerymobile,kailath,kerneltargetalignment,kltgp,knowledgenetwork,krathwohl,lamwsveerde,lettershuttle,llll,m3r,malkin,mapasshown,mapwatch,mariobros,may,mcgorry,mediabuying,meetup,mentalhealthprofessional,mittal,mkn,mmer,mmorpgs,moodviews,newpar,newtds,ontoelect,operatingsystemabstractionlayer,pcafordimension,pd3m,pfrm,phad,prescriptiveanalytics,proceedingsofthefourthinternationalconference,proposedframework,questionexpansion,radio-frequencyidentification,reflectedbrownianmotion,ripp,ritten,romdhane,sanjuan,searcheffectiveness,semantictypes,sequencemotif,sidner,skincancer,sm-divergence,smdivergence,sminchisescu,smtgp,somos,srinivasmukkamala,subjective-first,subjective-full,subjectnet,suicideattempt,sukthankar,sung,switchpumpoff,techcrunch,texttoonto,tgp,themeriver,theprincipia,thumbs-up,ti-pc,til,tomak,tsallis,tschirgi,umb,umlscui,upperclass,vem,verityintelligentclassifier,vibrationenergymodel,vickrey-clark,välimäki,willybrandt,yujian,,,,,,,,,,,,,,,,,,,,,,,,,,,,,,,,,,,,,,,,,,,,,,,,,,,,,,,,,,,,,,,,,,,,,,,,,,,,,,,,,,,,,,,,,,,,,,,,,,,,,,,,,,,,,,,,,,,,,,,,,,,,,,,,,,,,,,,,,,,,,,,,,,,,,,,,,,,,,,,,,,,,,,,,,,,,,,,,,,,,,,,,,,,,,,,,,,,,,,,,,,,,,,,,,,,
