Topic #0:,Anottate Here, number,large,introduce,ranking,generated,explore,alternative,approximate,plan,include,items,future,handle,theory,mechanism,usually,consists,weighting,costs,markov,explicit,indicate,uniform,equation_2,evaluating,evaluation,events,event,equation_1,evidence,evaluated,errors,evaluate,especially,equation_3,et,estimation,equivalent,estimating,exact,error,estimated,estimate,estimates,zero,examine,example,far,false,factors
Topic #1:,Anottate Here,time,algorithm,input,bullet,complexity,output,log,times,running,appropriate,location,faster,category,polynomial,prove,generic,providing,fully,convex,event,examples,example,examine,exact,evidence,events,equivalent,estimates,error,evaluation,errors,especially,estimate,estimated,evaluated,evaluate,et,estimation,estimating,evaluating,existing,execution,exist,fast,far,false,factors,factor,fact,extraction
Topic #2:,Anottate Here,using,search,provide,compare,solution,functions,performed,selected,fixed,match,necessary,typically,studied,utility,ad,flow,example,examine,evaluating,exact,evidence,events,event,evaluation,equation_1,evaluated,evaluate,equation_2,et,estimating,estimates,estimated,estimate,especially,errors,error,equivalent,equation_3,estimation,zero,examples,execution,false,factors,factor,fact,extraction,extracted,extract,external
Topic #3:,Anottate Here,approaches,level,general,standard,error,finding,achieve,efficiently,iterative,issues,suitable,ii,difficult,decomposition,rely,generalized,meta,unlike,estimated,estimates,equation_1,example,examine,exact,equation_2,equation_3,evidence,events,equivalent,errors,event,evaluation,evaluating,evaluated,especially,evaluate,et,estimation,estimate,estimating,examples,zero,execution,extended,faster,fast,far,false,factors,factor
Topic #4:,Anottate Here,user,order,test,document,users,used,relevance,list,word,metric,actual,extracted,pre,factors,ranked,nearest,especially,short,conducted,updates,driven,answers,algorithm,computes,manner,typical,equation_3,events,evaluation,evidence,event,exact,error,evaluating,evaluated,errors,evaluate,et,examine,estimating,estimates,equivalent,estimated,estimate,estimation,zero,example,examples,far,false
Topic #5:,Anottate Here,data,given,structure,object,does,algorithm,scheme,expected,robust,relational,global,capture,xml,refer,having,aim,dimensions,estimate,equivalent,examine,equation_2,exact,evidence,events,equation_3,event,evaluating,evaluation,evaluated,error,errors,examples,evaluate,et,estimation,estimating,estimates,especially,estimated,example,expansion,execution,extension,faster,fast,far,false,factors,factor,fact
Topic #6:,Anottate Here,based,models,example,class,datasets,novel,topic,perform,online,images,empirical,easily,binary,resulting,improvement,classifiers,synthetic,digital,assumption,partial,library,estimation,expansion,existing,exist,execution,examples,estimating,estimate,evaluate,evaluated,et,exact,estimates,estimated,evidence,expected,events,event,evaluation,evaluating,examine,zero,expensive,external,features,feature,faster,fast,far
Topic #7:,Anottate Here,define,words,maximum,concepts,mean,subset,extended,reduction,contains,formal,semantics,summary,vertices,containing,formally,translation,equation_0,max,neighbor,reduced,equation_2,equation_3,algorithm,ratio,evaluation,existing,dimensional,exist,execution,examples,example,examine,exact,evidence,events,event,evaluated,evaluating,dimensions,evaluate,et,estimation,estimating,estimates,estimated,direct,estimate,especially,dimension,expansion
Topic #8:,Anottate Here,use,study,make,instead,join,networks,17,works,prior,heuristic,event,needed,static,spatial,increase,detailed,hash,tuples,policy,dependent,notation,cases,way,evaluated,evaluation,evidence,evaluating,exact,examine,example,events,estimation,evaluate,et,estimating,estimates,estimated,estimate,especially,errors,error,equivalent,equation_3,equation_2,examples,expected,execution,exist,fast,far
Topic #9:,Anottate Here,high,algorithm,node,compute,12,11,13,20,source,low,computing,procedure,weight,edge,21,10,return,density,proof,vertex,lead,created,candidates,add,14,evaluated,far,fast,example,examine,exact,evidence,faster,events,event,evaluation,evaluating,extensive,extension,evaluate,et,estimation,estimating,estimates,estimated,estimate,especially,feature,errors,error
Topic #10:,Anottate Here,set,simple,implementation,examples,prediction,develop,experiment,determine,respect,change,greedy,relative,variable,records,learned,advantages,representative,evaluation,factors,estimation,false,evaluating,event,evaluated,evaluate,events,et,estimates,estimating,exact,estimated,estimate,especially,errors,error,equivalent,equation_3,far,equation_2,equation_1,equation_0,evidence,fact,examine,explicitly,extraction,extracted,extract,external,extensive
Topic #11:,Anottate Here,web,similarity,robot,effectiveness,collection,initial,real,16,world,environment,pages,evaluated,14,produce,fig,describes,literature,construction,purpose,domains,algorithm,26,environments,record,improvements,evaluation,exact,evidence,examine,events,event,estimating,evaluating,evaluate,et,estimation,examples,estimates,estimated,estimate,especially,errors,error,equivalent,equation_3,example,expensive,execution,extend,far
Topic #12:,Anottate Here,present,case,shown,point,domain,distributed,strategy,view,mapping,potential,used,force,ontology,achieved,resources,element,privacy,scenario,contact,briefly,views,examples,estimation,example,equivalent,examine,exact,evidence,events,event,error,errors,especially,estimating,evaluation,evaluating,evaluated,estimate,estimated,estimates,evaluate,equation_3,et,zero,execution,extend,far,false,factors,factor
Topic #13:,Anottate Here,queries,systems,patterns,matching,relevant,pattern,15,graphs,goal,filtering,advantage,entity,assume,studies,weighted,property,entities,25,popular,questions,effectively,sequential,structural,specification,false,collaborative,selecting,right,rest,people,estimation,events,estimate,estimated,especially,equivalent,event,errors,evaluation,estimates,error,evaluating,estimating,evaluate,et,evaluated,zero,evidence,explicit,extraction
Topic #14:,Anottate Here,training,tree,applied,accuracy,problems,generate,decision,allows,candidate,statistical,complex,trees,pruning,stream,special,window,storage,levels,sparse,explicitly,tag,early,example,evaluation,equation_3,exact,equivalent,evidence,error,events,event,errors,especially,et,evaluating,estimate,evaluated,estimated,estimates,estimating,estimation,evaluate,examine,zero,examples,extend,fast,far,false,factors
Topic #15:,Anottate Here,section,results,presented,algorithm,described,distribution,rule,discuss,designed,details,hybrid,contrast,illustrate,chosen,previous,free,coverage,seen,likely,sections,evaluating,criteria,ratio,estimate,events,event,equation_0,evaluation,equation_3,error,errors,especially,evaluated,estimated,equation_1,evaluate,et,equivalent,estimating,equation_2,estimates,estimation,zero,evidence,exact,factors,factor,fact,extraction,extracted
Topic #16:,Anottate Here,terms,random,dynamic,semantic,tasks,modeling,identify,used,common,significantly,reduce,focus,robots,metrics,associated,structures,pair,limited,22,23,24,authors,theoretical,quite,depth,file,integrated,classical,algorithm,individual,estimated,events,event,evaluation,evaluating,evaluated,evaluate,investigate,et,estimation,estimating,estimates,especially,estimate,exact,errors,error,equivalent,equation_3,equation_2
Topic #17:,Anottate Here,graph,feature,nodes,previous,instance,classifier,algorithm,base,kernel,19,respectively,represent,positive,used,operations,negative,avoid,equation_1,expensive,et,execution,examples,equivalent,example,examine,error,errors,exact,evidence,events,especially,estimate,event,evaluation,evaluating,estimated,estimates,evaluated,estimating,estimation,evaluate,zero,exist,extension,faster,fast,far,false,factors,factor
Topic #18:,Anottate Here,result,dataset,specific,current,target,considered,useful,topics,fast,building,100,mentioned,believe,increases,communication,50,expert,includes,domain,cases,equivalent,error,errors,especially,estimate,estimated,examples,example,examine,exact,estimates,et,estimating,evidence,events,event,evaluation,estimation,exist,evaluating,evaluated,evaluate,execution,zero,existing,expansion,feature,faster,far,false
Topic #19:,Anottate Here,different,following,table,various,apply,finally,variables,results,independent,simulation,constraint,interesting,natural,implement,gives,ways,variance,equation_2,evaluation,equivalent,event,evidence,exact,examine,equation_1,events,evaluated,evaluating,error,evaluate,et,example,estimation,estimating,estimates,estimated,estimate,especially,equation_3,errors,zero,expansion,examples,execution,far,false,factors,factor,fact,extraction
Topic #20:,Anottate Here,paper,control,values,single,optimization,type,types,image,including,motion,page,key,algorithm,hand,label,presents,changes,description,robot,adaptive,visual,underlying,characteristics,ones,30,applicable,settings,issue,string,neural,sense,wide,variety,evaluate,event,equation_3,equivalent,error,evidence,errors,events,especially,evaluation,et,evaluating,estimate,evaluated,estimated,estimates,estimating
Topic #21:,Anottate Here,function,design,algorithm,methodology,consider,context,defined,note,way,implemented,original,introduced,human,development,measures,group,classes,fact,components,overall,pairs,discussed,idea,frequency,objective,hierarchical,product,loss,architecture,relation,observed,partition,interaction,sensor,needs,interface,derived,paths,did,filter,start,aspects,predict,condition,bounds,lines,relationship,sensitive,server,gain
Topic #22:,Anottate Here,possible,optimal,algorithm,small,approximation,difference,equation,tracking,practice,hypothesis,oriented,ratio,estimated,block,produced,region,operation,identified,developing,equal,constant,items,events,event,evaluation,evaluating,evaluated,evaluate,et,estimation,issues,estimating,estimates,item,instances,exact,estimate,especially,errors,error,equivalent,equation_3,equation_2,equation_1,equation_0,iteration,environments,evidence,examine,factors
Topic #23:,Anottate Here,algorithms,proposed,al,et,cases,directly,phase,applying,complete,conditions,comparing,smaller,choice,modified,arbitrary,controller,self,nature,examine,examples,exact,execution,example,event,evidence,events,existing,evaluation,evaluating,evaluated,evaluate,estimation,estimating,estimates,estimated,estimate,especially,exist,zero,expansion,expected,features,feature,faster,fast,far,false,factors,factor,fact
Topic #24:,Anottate Here,propose,features,classification,term,processing,vector,memory,automatically,indexing,labels,trec,influence,categories,bias,contain,automated,representations,tags,algorithm,exact,evaluating,evidence,events,examine,event,example,evaluation,equivalent,evaluated,error,et,examples,estimation,equation_3,estimating,estimates,estimated,estimate,especially,errors,evaluate,expansion,execution,extension,feature,faster,fast,far,false,factors
Topic #25:,Anottate Here,approach,efficient,network,experimental,results,effective,significant,requires,active,recommendation,clearly,limitations,effort,discussion,adopt,27,researchers,zero,exact,examine,example,examples,execution,evidence,evaluation,events,estimated,equation_3,equivalent,error,errors,especially,estimate,estimates,event,estimating,estimation,et,evaluate,evaluated,evaluating,exist,expected,existing,extensive,feature,faster,fast,far,false
Topic #26:,Anottate Here,better,parameters,algorithm,detection,rules,estimate,run,obtain,performs,em,latent,solving,association,states,deal,confidence,derive,identification,examine,evidence,example,examples,events,event,exact,zero,evaluation,evaluating,execution,evaluate,et,estimation,estimating,estimates,estimated,especially,errors,error,evaluated,expected,exist,existing,faster,fast,far,false,factors,factor,fact,extraction
Topic #27:,Anottate Here,problem,new,need,obtained,form,analyze,algorithm,edges,solutions,minimum,practical,schema,theorem,sequences,direct,notion,upper,integration,exploit,follow,probabilities,evidence,example,especially,examine,error,exact,errors,events,event,evaluation,evaluating,estimation,estimate,evaluated,evaluate,estimated,et,estimates,estimating,zero,existing,examples,extend,far,false,factors,factor,fact,extraction
Topic #28:,Anottate Here,similar,probability,available,representation,used,probabilistic,link,computational,18,field,detect,cross,previously,combined,track,databases,discovery,algorithm,hard,segmentation,currently,regions,constructed,estimating,navigation,check,clear,manipulator,driven,events,existing,direct,exist,execution,examples,example,examine,exact,evidence,direction,event,expected,evaluation,evaluating,evaluated,evaluate,et,estimation,directly,estimates
Topic #29:,Anottate Here,matrix,called,research,path,real,score,shows,social,basic,algorithm,scores,generation,automatic,incremental,corpus,collections,represented,discover,evidence,event,evaluating,events,evaluated,evaluation,zero,estimation,evaluate,et,examine,estimating,estimates,estimated,estimate,especially,errors,error,equivalent,equation_3,equation_2,exact,existing,example,examples,false,factors,factor,fact,extraction,extracted,extract
Topic #30:,Anottate Here,technique,task,linear,able,feedback,demonstrate,required,dimensional,tool,noise,extend,ir,trajectory,mobile,ability,recognition,desired,zero,unique,fast,evidence,events,event,evaluation,evaluating,false,evaluated,far,evaluate,et,estimation,extensive,exact,estimates,estimated,faster,estimate,especially,errors,feature,error,equivalent,equation_3,equation_2,estimating,examine,extension,explicit,extended,external
Topic #31:,Anottate Here,algorithm,selection,particular,line,important,rank,concept,means,according,component,select,elements,denote,iteration,let,community,gradient,making,estimates,bayesian,far,operator,built,disk,cache,added,determined,th,extend,examine,exact,evidence,factor,events,event,evaluation,evaluating,evaluate,evaluated,fact,factors,et,false,estimation,estimating,fast,faster,estimated,estimate,example
Topic #32:,Anottate Here,methods,value,existing,compared,follows,baseline,clusters,good,used,threshold,total,definition,partitioning,review,close,calculate,criterion,benchmark,algorithm,exact,examine,examples,evidence,example,zero,events,event,evaluation,evaluating,evaluated,evaluate,et,estimation,estimating,estimates,estimated,estimate,especially,errors,execution,expected,exist,extension,faster,fast,far,false,factors,factor,fact
Topic #33:,Anottate Here,query,figure,second,algorithm,uses,average,higher,combination,rate,expansion,takes,speed,simply,convergence,naive,employed,response,demonstrated,operators,keyword,distributed,distribution,digital,existing,exist,execution,examples,example,examine,exact,dimension,evidence,events,dimensional,event,evaluation,evaluating,evaluated,dimensions,evaluate,et,estimation,estimating,estimates,estimated,estimate,especially,expected,expensive,experiment
Topic #34:,Anottate Here,experiments,estimation,bound,additional,update,address,position,lower,allow,runs,recent,joint,degree,tested,basis,correlation,considering,extension,dimension,generalization,expression,resource,events,examine,equivalent,event,exact,error,evidence,evaluating,errors,evaluation,estimate,evaluated,example,evaluate,et,especially,estimating,estimates,estimated,zero,exist,examples,extended,faster,fast,far,false,factors
Topic #35:,Anottate Here,measure,10,language,code,precision,scale,sequence,version,provided,recall,length,item,certain,validation,stage,report,constant,easy,extensive,later,metadata,column,closed,benefit,estimate,example,examine,exact,evidence,events,far,equivalent,error,event,evaluation,evaluating,errors,evaluated,especially,evaluate,et,estimation,estimating,estimates,estimated,false,expected,examples,execution,factors
Topic #36:,Anottate Here,learning,mining,like,machine,known,content,applications,used,regression,supervised,svm,labeled,likelihood,differences,semi,reported,widely,identifying,iterations,unsupervised,computer,pagerank,site,26,execution,examine,example,examples,existing,exist,evidence,expansion,expected,expensive,experiment,exact,events,experiments,event,evaluation,evaluating,evaluated,evaluate,et,estimation,estimating,estimates,estimated,estimate,especially
Topic #37:,Anottate Here,techniques,process,framework,size,developed,database,provides,traditional,behavior,execution,paper,series,tools,investigate,scalability,management,observe,variety,examine,equation_3,exact,evidence,equation_0,equation_1,equation_2,events,event,evaluation,evaluating,estimated,equivalent,estimate,error,evaluate,et,estimation,estimating,errors,especially,estimates,evaluated,zero,example,expression,false,factors,factor,fact,extraction,extracted
Topic #38:,Anottate Here,sets,step,text,algorithm,inference,attribute,instances,weights,specifically,exact,sources,account,sub,power,relationships,randomly,earlier,specified,observations,external,understanding,assumptions,estimates,events,example,examine,error,errors,evidence,especially,equation_3,equivalent,event,estimating,evaluation,evaluating,evaluated,evaluate,estimate,estimated,estimation,examples,et,expensive,execution,extend,fast,far,false,factors
Topic #39:,Anottate Here,performance,information,clustering,analysis,application,local,improve,algorithm,constraints,comparison,end,parallel,build,core,links,generally,starting,increasing,global,evaluate,estimate,execution,examples,example,errors,especially,examine,exact,estimated,evaluated,evidence,events,estimates,estimating,event,estimation,exist,et,evaluating,evaluation,zero,existing,expansion,faster,fast,far,false,factors,factor,fact
Topic #40:,Anottate Here,method,used,work,points,cluster,map,computed,makes,effect,final,groups,distributions,generating,major,lists,transformation,future,tests,ensemble,numerical,localization,exact,event,examine,evidence,example,events,zero,evaluation,evaluating,evaluated,evaluate,estimation,estimating,estimates,estimated,estimate,especially,errors,error,et,execution,examples,extend,fast,far,false,factors,factor,fact
Topic #41:,Anottate Here,evaluation,cost,distance,index,construct,range,testing,access,individual,extract,long,create,project,entire,employ,consistent,direction,flexible,event,evaluating,events,evidence,exact,examine,example,zero,evaluated,evaluate,et,estimation,estimating,estimates,estimated,estimate,especially,errors,error,equivalent,examples,expected,execution,extended,feature,faster,fast,far,false,factors,factor,fact
Topic #42:,Anottate Here,state,non,properties,addition,corresponding,art,attributes,outperforms,impact,algorithm,choose,showed,statistics,scalable,used,scenarios,equivalent,profile,produces,evidence,exact,event,evaluation,examine,events,zero,evaluating,evaluated,evaluate,example,estimation,estimating,estimates,estimated,estimate,especially,errors,error,equation_3,equation_2,et,execution,examples,exist,fast,far,false,factors,factor,fact
Topic #43:,Anottate Here,model,best,evaluate,knowledge,multiple,related,software,multi,require,solve,setting,temporal,accurate,answer,question,help,engineering,quality,estimation,estimate,especially,examine,exact,evidence,events,event,equivalent,estimated,et,evaluation,estimates,evaluating,error,evaluated,equation_3,example,estimating,errors,existing,examples,extend,fast,far,false,factors,factor,fact,extraction,extracted,extract
Topic #44:,Anottate Here,space,documents,retrieval,algorithm,support,objects,main,parameter,sampling,quality,sample,computation,efficiency,program,planning,learn,extraction,programming,steps,frequent,requirements,strategies,factor,larger,engine,samples,relations,furthermore,service,correct,vectors,reference,errors,true,just,highly,recently,improved,combining,events,configuration,area,compression,open,taken,structured,combine,performing,programs,services